﻿<string>
  <!--数据线面板-->
  <s id="1">Files from phone</s>
  <s id="2">Waiting for phone connection</s>
  <s id="3">Please log in to the same version of the Baidu SkyDrive Android version under the same network, enter 'more-> more tools-> data cable', connec</s>
  <s id="4">Right ~</s>
  <s id="5">Scan QR code to install the latest Android version of Baidu online disk</s>
  <s id="6">Convenient file transfer without data line</s>
  <s id="7">Remaining storage space：%s</s>
  <s id="8">Disconnect</s>
  <s id="9">Transfer files </s>
  <s id="10">Please select the file/folder </s>
  <s id="11">Send the file</s>
  <s id="12">Successfull transfer</s>
  <s id="13">File</s>
  <s id="14">4545Drag and drop to transfer files</s>
  <s id="15">File sending failed due to possible network reasons</s>
  <s id="16">Retry</s>
  <s id="17">There are currently files being transferred. Disconnecting will stop the transfer. \r\ndo you want to disconnect?</s>
  <s id="18">The system prompts </s>
  <s id="19">Disconnected from phone</s>
  <s id="20">Delete</s>
  <s id="21">Open file</s>
  <s id="22">Open a folder</s>
  <s id="23">Upload to my online disk</s>
  <s id="24">There are currently files being transferred. Clearing will interrupt the transfer. Do you want to clear?</s>
  <s id="25">Empty</s>
  <s id="26">Cancel </s>
  <s id="27">File added to my network disk transfer list</s>
  <s id="28">Waiting for transfer...</s>
  <!--错误提示文案-->
  <s id="29">Local file path does not exist or is wrong</s>
  <s id="30">The local file is occupied. Please close and try again</s>
  <s id="31">Local file open failed</s>
  <s id="32">Local file read failed</s>
  <s id="33">System limit file size is 4G, unable to receive</s>
  <s id="34">Insufficient local space, clean up and try again</s>
  <s id="35">File does not exist</s>
  <s id="36">The local storage directory does not have permissions or does not exist</s>
  <s id="37">Local file write failed</s>
  <s id="38">Transfer failed</s>
  <s id="39">The counterpart file does not exist</s>
  <!--菜单相关文案-->
  <s id="40">Select file to send</s>
  <s id="41">Clear all</s>
  <s id="42">Open</s>
  <s id="43">Delete</s>
  <s id="44">Cancel transfer</s>
  <!--数据线提示文案-->
  <s id="100">Can't find this computer by mobile phone?</s>
  <s id="101">I'll try</s>
  <s id="102">Go to mobile detection</s>
  <s id="103">Network connection failed, unable to upload file</s>
  <!--手机忘带相关文案-->
  <s id="200">Connecting mobile phone</s>
  <s id="201">Baidu mobile online disk "discover - forget to bring mobile phone"</s>
  <s id="202">Connecting to mobile phone</s>
  <s id="203">Failed to connect to mobile phone</s>
  <s id="204">Retry</s>
  <s id="205">Call recording </s>
  <s id="206">SMS</s>
  <s id="207">There is no call record in the last three days. If there is a new call, the online dial will remind you in time</s>
  <s id="208">There is no short message in the last three days. If there is any new message, the online disk will remind you in time</s>
  <s id="211">Trying to load</s>
  <s id="212">Failed to load</s>
  <s id="213">Disconnect</s>
  <s id="214">Copying SMS</s>
  <s id="215">The message has been copied</s>
  <s id="216">Switch mobile phone</s>
  <s id="217">Refresh</s>
  <s id="220">Before use, please</s>
  <s id="221">Open this function in</s>
  <s id="222">(Only support Android 7.4 and above）</s>
  <s id="223">Return</s>

  <s id="230">Mobile phone forget to bring prompt</s>
  <s id="231">Your account has been signed in to other computers and forgot to bring it</s>
  <s id="232">The power of the mobile phone is too low. It may be shut down and disconnected at any time</s>
  <s id="233">The phone has been with a local disconnect </s>
  <!--登录相关文案-->
  <s id="250">Close</s>
  <s id="251">Minimize</s>
  <s id="252">Network settings</s>
  <s id="253">Sign in with a partner account</s>
  <s id="254">Register Account</s>
  <s id="255">Sign up for a Baidu account now</s>
  <s id="256">Sign in</s>
  <s id="257">Weibo Login</s>
  <s id="258">QQ log in</s>
  <s id="259">WeChat login</s>
  <s id="260">Remember password</s>
  <s id="261">Auto login</s>
  <s id="262">Forget password?</s>
  <s id="263">Delete account information</s>
  <s id="264">Please enter your account number</s>
  <s id="265">Please input a password</s>
  <s id="266">Change one</s>
  <s id="267">Please choose how to log in?</s>
  <s id="268">Account login</s>
  <s id="269">Mobile number login</s>
  <s id="270">Mobile number/email/user name</s>
  <s id="271">******</s>
  <s id="272">Please</s>
  <s id="273">Binding phone number </s>
  <s id="274">Post login</s>
  <s id="275">WeChat</s>
  <s id="276">Caps lock on</s>
  <s id="277">Password removal</s>
  <s id="278">Scan login</s>
  <s id="279">Account Login</s>
  <s id="280">Please use</s>
  <s id="281">Baidu Cloud App </s>
  <s id="282">scan code login</s>
  <s id="283">Refresh QR code</s>
  <s id="284">Loading failed, please refresh and try again</s>

  <!--功能宝箱-->
  <s id="285">Forget to bring mobile phone</s>
  <s id="286">Data cable</s>
  <s id="287">Automatic backup</s>
  <s id="288">Lock Baidu Cloud</s>
  <s id="289">Recycle bin</s>
  <s id="290">Tool Box</s>
  <s id="291">More functions</s>

  <s id="292">Easy to view calls and SMS </s>
  <s id="293">Transfer of mobile phones/computer</s>
  <s id="294">Lock Baidu Disk</s>
  <s id="295">Backup files</s>
  <s id="296">Delete files</s>
  <s id="297">File cleaning</s>
  <s id="298">Save to disk</s>
  <!--缓存清理对话框-->
  <s id="300">Release cache prompt</s>
  <s id="301">There is too much disk cache. Clearing the disk can free more space and improve the loading speed of the network disk. Do you want to release the cache? </s>
  <s id="302">cleaning up %u%%</s>

  <s id="303">Release is completed, and the operation will be smoother next time using Baidu online disk.</s>
  <s id="304">Release cache</s>
  <s id="305">Finish and exit</s>

  <!--分享会话-->
  <s id="315">Session</s>
  <s id="316">Friend</s>
  <s id="317">Group</s>
  <s id="318">Create group</s>
  <s id="319">Add friend</s>
  <s id="320">Remarks:</s>
  <s id="321">Nickname:</s>
  <s id="322">Baidu account number:</s>
  <s id="323">Share files</s>
  <s id="324">Delete friend</s>
  <s id="325">Blacklist</s>
  <s id="326">You haven't added any friends yet. First build a group and then invite friends to join ～</s>
  <s id="327">You don't have a friend yet. Add a friend to share the file</s>
    <s id="328">You haven't joined the group yet～</s>
  <s id="329">Choose a friend on the left and start sharing files ～</s>
  <s id="330">After joining the blacklist, you will no longer receive messages from the other party. Do you want to continue? (the blacklist can be removed on the webpage)</s>
  <s id="331">Click add note</s>
  <s id="332">Exit group</s>
  <s id="333">Delete session list</s>
  <s id="334">Are you sure you want to delete “%s”？</s>
  <s id="335">Delete</s>
  <s id="336">Blacklisted</s>
  <s id="337">Deleted successfully</s>
  <s id="338">Deletion failed</s>
  <s id="339">Failed to join blacklist</s>
  <s id="340">Deleting</s>
  <s id="341">Joining blacklist</s>
  <s id="342">Adding friends</s>
  <s id="343">Add friend successfully</s>
  <s id="344">Failed to add friend</s>
  <s id="345">Delete and exit group</s>
  <s id="346">Modification notes</s>
  <s id="347">Modify group name</s>
  <s id="348">Are you sure you want to exit and delete this group?</s>
  <s id="349">Exiting the group</s>
  <s id="350">Group withdrawal failure</s>
  <s id="351">Group withdrawal succeeded</s>
  <s id="352">Failed to create group</s>
  <s id="353">Creating groups is too frequent, creating them again needs to be verified</s>
  <s id="354">Creating group</s>
  <s id="355">Delete session</s>
  <s id="356">Add member</s>
  <s id="357">Deleting group members</s>
  <s id="358">Failed to remove group members</s>
  <s id="359">Group members removed successfully</s>
  <s id="360">Share pictures to friends in 2 steps</s>
  <s id="361">Share files with friends</s>
  <s id="362">File Library</s>
  <s id="363">Enter text message</s>
  <s id="364">Send</s>
  <s id="365">Return</s>
  <s id="366">Download</s>
  <s id="368">Adding group members</s>
  <s id="369">Add group members successfully</s>
  <s id="370">Failed to add group members</s>
  <s id="371">[Sending]</s>
  <s id="372">[Fail send]</s>
  <s id="373">View history messages</s>
  <s id="374">Add to transfer list</s>
  <s id="375">Saving...</s>
  <s id="376">Save failed</s>
  <s id="377">Save successfully</s>
  <s id="378">Group QR code</s>
  <s id="379">,invite your QQ and Weibo friends to join</s>
  <s id="380">Link copied successfully</s>
  <s id="381">Close</s>
  <s id="382">Loading...</s>
  <s id="383">Play</s>
  <s id="384">you have reached the upper limit of sending messages today. To send again, you need to verify</s>
  <s id="385">The other party is not your friend, please pay attention to privacy security</s>
  <s id="386">Add as friend</s>
  <s id="387">Share files</s>
  <s id="388">Clear all</s>
  <s id="389">Save</s>
  <s id="390">Copy</s>
  <s id="391">Failed to send due to network and other reasons</s>
  <s id="392">Wait for multiple files</s>
  <s id="393">Resend</s>
  <s id="394">Delete</s>
  <s id="395">You are no longer in this group</s>
  <s id="396">Too many words sent</s>
  <s id="397">Messages sent have sensitive words</s>
  <s id="398">Verification failed, please try again</s>
  <s id="399">The share has been deleted</s>
  <s id="400">the user does not have the operation permission for the share</s>
  <s id="401">Sending failed</s>
  <s id="402">the other party refuses to receive your message</s>
  <s id="403">the other party refuses to receive non friend messages</s>
  <s id="404">Too many files shared</s>
  <s id="405">Failed to get verification code</s>
  <s id="406">Network error</s>
  <s id="407">Operation failed, please try again later</s>
  <s id="408">Operation failed</s>
  <s id="409">There's a little bit of a problem</s>
  <s id="410">Please login again</s>
  <s id="411">You can't add yourself as a friend</s>
  <s id="412">Number of friends exceeds the limit</s>
  <s id="413">Friend already exists</s>
  <s id="414">User does not exist</s>
  <s id="415">You can't blackmail yourself</s>
  <s id="416">The operation has reached the limit, please delete some then try again</s>
  <s id="417">The user has been added</s>
  <s id="418">Group creation has reached the limit, please delete some groups try again</s>
  <s id="419">The group member has reached the upper limit</s>
  <s id="420">The group does not exist</s>
  <s id="421">Temporarily does not have permission to</s>
  <s id="422">Get the message failed, please try again</s>
  <s id="423">To create a group successfully</s>
  <s id="424">Save failed, please retry</s>
  <s id="425">Are lining up to save, please wait</s>
  <s id="426">The space is full, please clean up the space and then try</s>
  <s id="427">Save the file number too much</s>
  <s id="428">File already exists</s>
  <s id="429">Please enter the verification code</s>
  <s id="430">Members of the ultra-limit, please Little Buddy try again</s>
  <s id="431">Delete a group member fails, please retry</s>
  <s id="432">Back group failed, please try again</s>
  <s id="433">Fails to save, from the file library to retry</s>
  <s id="434">Save failed, please retry</s>
  <s id="435">The source file does not exist</s>
  <s id="436">Disk the number of files is too much, fails to save</s>
  <s id="437">New friends</s>
  <s id="438">Share files</s>
  <s id="439">By</s>
  <s id="440">Refuse</s>
  <s id="441">Rejected</s>
  <s id="442">New friend notification</s>
  <s id="443">Added You as a friend a</s>
  <s id="444">By answering the question to add you as a friend</s>
  <s id="445">The other party refused your friends application</s>
  <s id="446">Is by friend request</s>
  <s id="447">Being denied a friend request</s>
  <s id="448">Has been through the friend request</s>
  <s id="449">Rejected a friend request</s>
  <s id="450">Verify the information:</s>
  <s id="451">By sharing</s>
  <s id="452">Group the QR code</s>
  <s id="453">The other turned on a friend to verify that you are not his or her friends,</s>
  <s id="454">Send a friend to verify</s>
  <!--添加点对点好友-->
  <s id="500">OK</s>
  <s id="501">Cancel</s>
  <s id="502">Please enter the verification code</s>
  <s id="503">Share files</s>
  <s id="504">Not find you to search for the user, check the input of the account bar</s>
  <s id="505">Add Friend</s>
  <s id="506">Enter the Baidu account to add friends</s>
  <s id="507">Baidu account:</s>
  <s id="508">Search</s>
  <s id="509">Add as a friend</s>
  <s id="510">Add Friend operation is too frequent it, please provide code</s>
  <s id="511">(Already friends)</s>
  <s id="512">(Own)</s>
  <s id="513">See, for a single</s>
  <s id="514">The following characters are not case sensitive</s>
  <s id="515">Enter the username/mailbox to find</s>
  <s id="516">Please login and then input</s>
  <s id="517">Appeared a little small problem, please re-enter</s>
  <s id="518">Search too many times, please try again later</s>
  <s id="519">Please enter the verification code</s>
  <s id="520">Captcha error</s>
  <s id="521">The other requires you to fill in the authentication information:</s>
  <s id="522">Send</s>
  <s id="523">Add Friend</s>
  <s id="524">Cancel</s>
  <s id="525">Want to add you as a friend~</s>
  <s id="526">The person refuses any person added as a friend</s>
  <s id="527">The authentication information does not contain sensitive words</s>
  <s id="528">Answer the validation fails</s>
  <s id="529">Sent successfully, waiting for a friend to verify</s>
  <s id="530">Question:</s>
  <!--群成员管理引导对-->
  <s id="600">Tips</s>
  <s id="601">The PC version of the Baidu network disk staging does not support the management of the group, please download the phone version of Baidu Cloud Management</s>
  <s id="602">Scan Code the QR code to download</s>
  <s id="603">Use the phone two-dimensional code scanning software</s>
  <s id="604">Easy download Baidu network disk</s>
  <s id="605">Know</s>
  <!--分享群二维码对话-->
  <s id="610">Share group QR code</s>
  <s id="611">Open the Baidu network disk, scan code to join the group</s>
  <s id="612">Copy to clipboard</s>
  <s id="613">Save to local</s>
  <s id="614">Being generated in the...</s>
  <s id="615">Generate a QR code failed</s>
  <s id="616">A single group chat up to\n you can add%d of the personal</s>
  <s id="617">Has been copied to the clipboard</s>
  <s id="618">Saved to the desktop</s>
  <s id="619">Closed group members invited\n to disable the two-dimensional code into the group</s>
  <s id="620">Copy to clipboard failed</s>
  <s id="621">Save it to a local failure</s>
  <s id="622">No group introduction</s>
  <!--个人资料对话框-->
  <s id="700">TA information</s>
  <s id="701">Added to the blacklist</s>
  <s id="702">Add as a friend</s>
  <s id="703">Share files</s>
  <s id="704">Nickname: the</s>
  <s id="705">Baidu account:</s>

   <!--设备备份提示-->
  <s id="706">Device backup</s>
  <s id="707">the %s disk space is insufficient, please clean up the space and then try</s>

  <!--自动备份功能升级通知对话框-->
  <s id="750">Tips: automatic backup has been turned off, uploaded the backup file will still be reserved for you</s>
  <s id="751">The opening of the members</s>
  <s id="752">I know</s>
  <s id="753">Upgrade membership confirm</s>
  <s id="754">Whether to upgrade membership successfully?</s>
  <s id="755">Buy success</s>
  <s id="756">Do not buy a</s>
  <s id="757">Automatic backup off</s>

  <s id="758">Due to the upgrade membership is unsuccessful, the automatic backup feature is turned off, please upgrade to\r\n membership into the set to turn on the feature.</s>
  <s id="759">I know</s>
  <s id="760">Upgrade membership</s>
  <s id="761">Non-members cannot use the automatic backup function, please open the membership after try again</s>
  <s id="762">I know</s>
  <s id="763">Upgrade membership</s>
  <s id="765">Upgrade membership</s>
  <s id="766">Tips: automatic backup is the membership privileges, the membership expires after will not be able to use</s>
  <s id="767">Renew membership</s>
  <s id="768">View details></s>

  <!--批量上传文件特权对话框-->
  <s id="800">Upload files</s>
  <s id="801">Upload the number of files exceeds the limit, the%s can continue to upload</s>
  <s id="802">Upgrade to Super member</s>
  <s id="803">Cancel</s>
  <s id="804">Upgrade membership confirm</s>
  <s id="805">Whether to upgrade membership successfully?</s>
  <s id="806">Buy success</s>
  <s id="807">Do not buy a</s>
  <s id="808">Membership upgrade is not successful, please try again to</s>
  <s id="809">Beyond batch upload privileges operate to limit the number of</s>
  <s id="810">Not successful opening of the members, unable to upload</s>
  <s id="811">To obtain the user identity fails, please re-login and try again</s>
  <s id="812">View details></s>
  <s id="813">Purchase failed</s>
  <s id="814">The exception prompt</s>
  <!--Diff错误提示Dialogue-->
  <s id="820">The exception prompt</s>
  <s id="821">To delete</s>
  <s id="822">OK</s>
  <s id="823">The network disk when the number amount is too large, affect the use of the experience, please delete some text\n and then~</s>
  <s id="824">Your Baidu network disk has been blocked</s>
  <!--云解压对话框-->
  <s id="830">The opening of the members</s>
  <s id="831">The opening of the super affiliate</s>
  <s id="832">Upgrade to Super member</s>
  <s id="833">Please input the compressed package password</s>
  <s id="834">Temporary does not support the decompression of such file, please download to view later</s>
  <s id="835">The compressed package is too large, greater than 8G, you can download to view later</s>
  <s id="836">Compressed package password</s>
  <s id="837">OK</s>
  <s id="838">Please enter the password</s>
  <s id="839">Cloud extract</s>
  <s id="840">Has decompress%d%%</s>
  <s id="841">Have selected%d files</s>
  <s id="842">Download</s>
  <s id="843">File name</s>
  <s id="844">Size</s>
  <s id="845">A total of%d files</s>
  <s id="846">Return to the previous level</s>
  <s id="847">My file</s>
  <s id="848">Open</s>
  <s id="849">Unzip to</s>
  <s id="850">Unzip all the files</s>
  <s id="851">Dear Members, You Are enjoy cloud unzip the privilege..</s>
  <s id="852">Dear super affiliate, you are enjoy cloud unzip the privilege..</s>
  <s id="853">Here is the air Yo~</s>
  <s id="854">Are you open...</s>
  <s id="855">Decompression failed</s>
  <s id="856">Your lack of space, unable to complete the file extraction</s>
  <s id="857">The decompression is successful, the file is simultaneously saved to</s>
  <s id="858">Decompression failure, abnormal network</s>
  <s id="859">Valued members, unzip successful</s>
  <s id="860">Valued super affiliate, extract success</s>
  <s id="861">Network anomalies, please try again later</s>
  <s id="862">Valued members</s>
  <s id="863">Valued super affiliate</s>
  <s id="864">Files are extracting, please wait...</s>
  <s id="865">Are preparing download, please wait...</s>
  <s id="866">Are opening a file, please wait...</s>
  <s id="867">Extract success</s>
  <s id="868">Password error, please re-enter</s>
  <s id="869">Has been added to the download, the file while be saved to</s>
  <s id="870">Cloud unzip temporarily does not support Chinese password</s>
  <s id="871">The wrong password too many times, please try again later</s>
  <s id="872">The compression within the package file too</s>
  <s id="873">Archive is corrupted, cannot unpack</s>
  <s id="874">The compressed package is too large, temporarily does not support cloud extract</s>
  <s id="875">Temporary does not support this type of compressed packet</s>
  <s id="876">Compressed package for solid-state compression, not support cloud extract</s>
  <s id="877">Share does not exist</s>
  <s id="878">Share has expired</s>
  <s id="879">Permissions test fails</s>
  <s id="880">Click to view</s>
  <s id="881">Baidu Cloud extract</s>
  <s id="882">Unzip the file already exists in the target folder</s>
  <s id="883">Cloud decompression not supported sub-volume compressed package</s>
  <s id="884">The file name is too long</s>
  <s id="885">The original tarball does not exist</s>
  <s id="886">Are getting the file...</s>
  <s id="887">File acquisition failure</s>
  <s id="888">Retry</s>
  <s id="889">I know</s>
  <s id="890">No longer prompt</s>
  <s id="891">Close the archive window after the Unzip task will continue in the background to perform</s>
  <s id="892">File or directory does not exist</s>
  <s id="893">Currently there are other tasks being performed, Please Wait try again</s>
  <s id="894">Close the archive window</s>
  <s id="895">Disk file an excessive number</s>

 <!--https失败提-->
  <s id="901">Connection failed</s>
  <s id="902">The network certificate is invalid, may be your device time has misled the actuator, please set correct time and try again.</s>
  <s id="903">Know</s>

  <!--共享帐号引导-->
  <s id="910">Account exception</s>

  <s id="911">Your account's recent login device too much. As a non-person operation, repair</s>

  <s id="912">Change the password, as you share, please use Baidu's corporate network disk.</s>
  <s id="913">Free the opening of the enterprise network disk</s>
  <s id="914">To change the password</s>

  <!--文档预览相关引导-->
  <s id="930">打开提示</s>
  <s id="931">WPS打开文档更便捷，支持多种格式文档查看和编辑</s>
  <s id="932">下载WPS</s>
  <s id="933">直接打开</s>
  
  <!--帐号异常提示-->
  <s id="951">The exception prompt</s>

  <s id="952">Your account presents a security risk, has entered the protection mode; please change the password after use.</s>
  <s id="953">View details</s>
  <s id="954">Log</s>
  <s id="955">Tips</s>

  <s id="956">Your account presents a security risk, verify identity after the operation.</s>
  <s id="957">Immediately verify</s>

  <!--文件属性对话框-->
  <s id="1000">Attributes</s>
  <s id="1001">%d files</s>
  <s id="1002">%d folders</s>
  <s id="1003">Types of:</s>
  <s id="1004">Position:</s>
  <s id="1005">Size:</s>
  <s id="1006">Contain:</s>
  <s id="1007">Modify:</s>
  <s id="1008">calculating...</s>
  <s id="1009">Calculation failed, network abnormal</s>
  <s id="1010">%s file</s>
  <s id="1011">folder</s>
  <s id="1012">Are folders</s>
  <s id="1013">Are% s files</s>
  <s id="1014">Multiple types</s>
  <s id="1015">All in%s</s>
  <s id="1016">Different folders</s>
  <s id="1017">Different folders</s>
  <s id="1018">Unknown type</s>
  <s id="1019">%4.4d year%2.2d month %2.2d day,%2.2d:%2.2d</s>
  <s id="1020">Counting files ...</s>
  <s id="1021">File count calculation failed, network abnormal</s>
  <s id="1022">My netdisk</s>
  <s id="1023">My application data</s>
  <s id="1024">Safe Box</s>
  <s id="1025">Calculation failed, server is busy</s>
  <s id="1026">File count calculation failed, server is busy</s>

  <!--文件历史版本相关提醒对话框-->
  <s id="1100">Open now</s>
  <s id="1101">Members enjoy privileges to save% d historical versions of documents</s>
  <s id="1102">Super members enjoy privileges and save% d historical versions of documents</s>

  <s id="1150">Dear members, you can enjoy% d historical versions of saved documents</s>
  <s id="1151">The file has been modified. Is it saved to the network disk?</s>
  <s id="1152">To view the historical version of the document, it is recommended to open the "document historical version"</s>
  <s id="1153">Features.</s>
  <s id="1154">No longer remind</s>
  <s id="1155">Open document history version</s>
  <s id="1156">Overwrite update</s>
  <s id="1157">Save document to the web</s>
  <s id="1158">Document history version function is turned on</s>
  <s id="1159">Historical version can be enabled in settings</s>
  
  <!--垃圾清理对话框-->
   <s id="1200">Junk File Cleaner</s>
  <s id="1202">Scan duplicate files</s>
  <s id="1203">Scan for junk video</s>
  <s id="1204">Scanning empty folders</s>
  <s id="1205">A variety of screening methods, easy clean up duplicate files</s>
  <s id="1206">Clean up garbage video, release storage space</s>
  <s id="1207">Clean up empty folders, the files more neat and orderly</s>
  <s id="1208">Have you accumulated to clean up:%s Duplicate Files%s garbage video</s>
  <s id="1209">Are loaded disk file, please try again later!</s>
  <s id="1210">Today's experience the number of times have run out, come back tomorrow and try it~</s>
  <s id="1211">Clean up</s>
  <s id="1212">Quick clean up%s~</s>
  <s id="1213">View all</s>
  <s id="1214">The number of scans too much, come back tomorrow and try it</s>
  <s id="1215"></s>
  <s id="1216">Please open a super affiliate</s>
  <s id="1217">Operation too frequent, please try again later</s>
  <s id="1218">Server desertion, please try again later</s>
  <s id="1219">Currently there are other tasks being performed, please try again later</s>
  <s id="1223">To cancel the scan</s>
  <s id="1224">Re-scan</s>
  <s id="1225">Scan overall</s>
  <s id="1226">Choose other directory scan</s>
  <s id="1227">Try other clean way</s>
  <s id="1228">You want to finish before to cancel the scan right?</s>
  <s id="1229">Continue scanning</s>
  <s id="1230">Scans the specified directory</s>
  <s id="1231">Not Found%s~</s>
  <s id="1232">The scan fails</s>

  <s id="1240">Quick clean up</s>
  <s id="1241">Cancel has been selected</s>
  <s id="1242">The smart choice</s>
  <s id="1243">%I64d one</s>
  <s id="1244">Have selected%u</s>
  <s id="1245">All files</s>
  <s id="1246">Pictures</s>
  <s id="1247">Document</s>
  <s id="1248">Video</s>
  <s id="1249">Music</s>
  <s id="1250">Torrent</s>
  <s id="1251">Application</s>
  <s id="1252">Other</s>
  <s id="1253">File name</s>
  <s id="1254">Size</s>
  <s id="1255">The directory where the</s>
  <s id="1256">Modified date</s>
  <s id="1257">Occupied %s</s>
  <s id="1258">Duplicate files</s>
  <s id="1259">Garbage video</s>
  <s id="1260">Empty folders</s>
  <s id="1261">The cleanup is complete</s>
  <s id="1262">This co-as you release the %s space, clean up %s%s</s>
  <s id="1263">The total for you to clean up the %s is an empty folder</s>
  <s id="1264">Play</s>
  <s id="1265">The complaint</s>
  <s id="1266">Open the directory where the</s>
  <s id="1267">Appeals submitted after such audit to be true for your solution package; only to be mistakenly seal the video in order to appeal successfully.</s>
  <s id="1268">To submit a complaint</s>
  <s id="1269">Are deleting files, please wait...</s>
  <s id="1270">Deleted successfully</s>
  <s id="1271">Delete failed</s>
  <s id="1272">A single complaint file limit to%u, please reduce the portion of try.</s>
  <s id="1273">Is filing a complaint...</s>
  <s id="1274">The complaint has been submitted</s>
  <s id="1275">Complaint submission failure</s>
  <s id="1276">Too many files, please handle the current load batch</s>
  <s id="1278">A total of%u entries, the current page has been loaded%u item</s>
  <s id="1279">Loaded%u item</s>
  <s id="1280">List view</s>
  <s id="1281">Thumbnail view</s>
  <s id="1282">By file name</s>
  <s id="1283">According to the directory where the</s>
  <s id="1284">By modified date</s>
  <s id="1285">Keep the name relatively short</s>
  <s id="1286">Reserved names longer</s>
  <s id="1287">Keep the directory short</s>
  <s id="1288">Preserve the directory longer</s>
  <s id="1289">Keep the date relatively new</s>
  <s id="1290">Retention date older</s>
  <s id="1291">Effort loading, please wait...</s>
  <s id="1292">Failed to load, please</s>
  <s id="1293">You select the group of files, clean up the set of files will be all deleted!</s>
  <s id="1294">Too many files when only batch processing</s>
  <s id="1295">Processing next batch</s>
  <s id="1296">Too many files, see batch processing</s>
  <s id="1297">Success</s>
  <s id="1298">Congratulations, you have opened a super affiliate</s>
  <s id="1299">Super affiliate open fail, please</s>
  <s id="1300">Super affiliate upgrade fails, please</s>
  <s id="1301">Re-purchase</s>
  <s id="1302">Confirm to delete the selected%u empty file?\ n</s>
  <s id="1303">No repeat of%s file~</s>
  <s id="1304">%u file delete failed</s>
  <s id="1305">Please select the file to delete</s>
  <s id="1306">Loaded successfully</s>
  <s id="1307">Valued super affiliate, whether you want to delete all%s?\ n</s>
  <s id="1308">Removed after within 30 days through the Recycle Bin restore</s>
  <s id="1309">%u</s>
  <s id="1310">A key clean-up</s>
  <s id="1311">Have selected%u files, delete after the release of\n%s space.</s>
  <s id="1312">Currently there are other tasks being performed, please try again later</s>
  <s id="1313">Please try again</s>
  <s id="1314">Select Delete item</s>

   <!--视频播放器-->
  <s id="1383">The network is abnormal, please check the network and try again(%d)</s>
  <s id="1384">Do not remind again</s>
  <s id="1385">From old to new</s>
  <s id="1386">Playlist is empty</s>
  <s id="1387">Previous</s>
  <s id="1388">next</s>
  <s id="1389">Already the first</s>
  <s id="1390">Already the last</s>
  <s id="1391">Confirm clear</s>
  <s id="1392">cancel</s>
  <s id="1393">prompt</s>
  <s id="1394">Clear all history?  \nDelete only records, not files when clearing</s>
  <s id="1395">Clear record</s>
  <s id="1396">From new to old</s>
  <s id="1397">Default list</s>
  <s id="1398">history record</s>
  <s id="1399">Play next</s>
  <s id="1400">Baidu Web Disk</s>
  <s id="1401">Super members speed up playback, no need to wait >></s>
  <s id="1402">Fluent</s>
  <s id="1403">Original painting</s>
  <s id="1404">see more</s>
  <s id="1405">Replay</s>
  <s id="1406">The network is too slow, please switch the picture quality to smooth</s>
  <s id="1407">The network is too slow, please pause for a while ...</s>
  <s id="1408">Network outage, please check the network and try again ...</s>
  <s id="1409">Successfully added to download list</s>
  <s id="1410">Added to download list</s>
  <s id="1411">Subtitle</s>
  <s id="1412">Targeted to last viewed location.</s>
  <s id="1413">Play from scratch</s>
  <s id="1414">Switch</s>
  <s id="1415">Select network disk save path</s>
  <s id="1416">00:00:00 / 00:00:00</s>
  <s id="1417">00:00:00</s>
  <s id="1418">0%</s>
  <s id="1419">Video playback</s>
  <s id="1420">Super member high-speed playback channel</s>
  <s id="1421">Open now</s>
  <s id="1422">Struggling to load video ...</s>
  <s id="1423">Fast forward:</s>
  <s id="1424">Rewind:</s>
  <s id="1425">Volume:%d%%</s>
  <s id="1426">Video failed to load, please try again</s>
  <s id="1427">Retry</s>
  <s id="1428">Loading, please wait ...</s>
  <s id="1429">Network outage, please check the network and try again</s>
  <s id="1430">Unknown error, video playback failed (%d)</s>
  <s id="1431">Video failed to load, please try again</s>
  <s id="1432">Sorry, this format is not supported at this time</s>
  <s id="1433">Current subtitles</s>
  <s id="1434">Progress adjustment</s>
  <s id="1435">Subtitle size</s>
  <s id="1436">small</s>
  <s id="1437">standard</s>
  <s id="1438">Big</s>
  <s id="1439">Oversized</s>
  <s id="1440">%.1f seconds</s>
  <s id="1441">No subtitles</s>
  <s id="1442">Getting subtitles</s>
  <s id="1443"></s>
  <s id="1444">Failed to get subtitles</s>
  <s id="1445">Setting captions</s>
  <s id="1446">Subtitles set successfully</s>
  <s id="1447">Caption setting failed</s>
  <s id="1448">No subtitles matched</s>
  <s id="1449">Speed ​​up subtitles</s>
  <s id="1450">Slow down subtitles</s>
  <s id="1451">Decoding failed, please try again later</s>
  <s id="1452">Login information has expired, try again after logging in again</s>
  <s id="1453">Server is busy, please try again later</s>
  <s id="1454">Video is transcoding, please try again later</s>
  <s id="1455">This video is not supported yet</s>
  <s id="1456">Video transcoding failed, please try again</s>
  <s id="1457">Speed</s>
  <s id="1458">0.75x</s>
  <s id="1459">1x</s>
  <s id="1460">1.25x</s>
  <s id="1461">1.5x</s>
  <s id="1462">2.0x</s>
  <s id="1463">Open Super Member and enjoy double-speed playback</s>
  <s id="1464">Open now</s>
  <s id="1465">You can try it for free</s>
  <s id="1466">%d times</s>
  <s id="1467">Double speed playback</s>
  <s id="1468">Switching speed playback for free ...</s>
  <s id="1469">Opened for you for free</s>
  <s id="1470">Speed ​​play</s>
  <s id="1471">Will turn on for free during playback</s>
  <s id="1472">speed</s>
  <s id="1473">Double speed switch failed, please try again</s>
  <s id="1474">Open Super Membership and enjoy video speed playback</s>
  <s id="1475">You can try%d times Super Member Video Play Speed ​​Privilege</s>
  <s id="1476">Open Super Member</s>
  <s id="1477">Trial speed</s>
  <s id="1478">Free double speed playback</s>
  <s id="1479">Upgrade Super Member and enjoy video speed playback</s>
  <s id="1480">Upgrade Super Member</s>
  <s id="1481">upgrade immediately</s>
  <s id="1482">Switching double speed playback ...</s>
  <s id="1483">Opened for you</s>
  <s id="1484">Will turn on during playback</s>
  <s id="1485">This video cannot be played</s>
  <s id="1486">This video does not exist and cannot be played</s>
  <s id="1487">Upgrade Super Member and enjoy double-speed playback</s>
  <s id="1488">Video freezes?</s>
  <s id="1489">Point me feedback</s>
  <s id="1490">Feedback has been submitted and we will work to optimize the service</s>
  <s id="1491">This video failed to play, please try again later</s>
  <s id="1492">This video is too long, watch it after downloading</s>
  <s id="1493">Non-video files, cannot be played</s>
  <s id="1494">There is a problem with the video and it is temporarily unavailable</s>
  <s id="1495">Transcoding problem, please download and watch</s>
  <s id="1496">The video cannot be parsed temporarily, please download and watch</s>
  <s id="1497">This account has violations and cannot be played temporarily</s>
  <s id="1498">This video failed to transcode, please try again later</s>
  <s id="1499">Play previous</s>

  <!--标题面板-->
  <s id="1500">My Cloud</s>
  <s id="1501">Transfer</s>
  <s id="1502">Share</s>
  <s id="1503">Maximize</s>
  <s id="1504">reduction</s>
  <s id="1505">Vip Member</s>
  <s id="1506">notification</s>
  <s id="1507">Settings</s>
  <s id="1508">Click to change avatar</s>
  <s id="1509">Open Super Membership Now</s>
  <s id="1510">Upgrade Super Member</s>
  <s id="1511">Renew Super Member</s>
  <s id="1512">Personal center</s>
  <s id="1513">Help center</s>
  <s id="1514">Change account</s>
  <s id="1515">Exit</s>
  <s id="1516">Open now</s>
  <s id="1517">Super members enjoy 15 privileges</s>
  <s id="1518">Renew Super Member</s>
  <s id="1519">maturity</s>
  <s id="1520">Super member</s>
  <s id="1521">member</s>
  <s id="1522">5T large space</s>
  <s id="1523">Fast download</s>
  <s id="1524">Unlimited batch uploads</s>
  <s id="1525">Large file upload</s>
  <s id="1526">understand more</s>
  <s id="1527">Some of your capacity is about to expire,</s>
  <s id="1528">View</s>
  <s id="1529">Library</s>
  <s id="1530">Scores</s>
  <s id="1531">Redeem Gifts></s>
  <!--主面板-->
  <s id="1600">Welcome to Baidu Web Disk</s>

  <!--侧边栏面板-->
  <s id="1700">My share</s>
  <s id="1701">Expansion</s>
  <s id="1702">Expansion to 2T</s>
  <s id="1703">Expansion to 5T</s>
  <s id="1704">Open membership, enjoy more capacity</s>
  <s id="1705">Buy a capacity package</s>
  <s id="1706">Activate members will enjoy greater capacity + 10 privileges</s>
  <s id="1707">Opening Super Members will enjoy super capacity + 15 privilege</s>
  <s id="1708">Buy a capacity package and enjoy more capacity</s>
  <s id="1709">Opening Super Members will enjoy super capacity + 15 privilege</s>
  <s id="1710">Capacity will be full,</s>
  <s id="1711">Capacity is full,</s>

  <!--传输列表面板-->
  <s id="1800">Downloading</s>
  <s id="1801">Uploading</s>
  <s id="1802">Transfer completed</s>
  <s id="1803">Push task</s>
  <s id="1804">(999+)</s>
  <s id="1805">(%d)</s>

  <s id="1900">Device backup</s>
  <s id="1901">Total</s>
  <s id="1902">a photograph,</s>
  <s id="1903">Videos</s>
  <s id="1904">Not backed up to Baidu SkyDrive</s>
  <s id="1905">One-click backup</s>
  <s id="1906">Select photos to backup</s>
  <s id="1907">select all</s>
  <s id="1908">unselect all</s>
  <s id="1909">shut down</s>
  <s id="1910">a photograph</s>

  <!--我的分享面板-->
  <s id="2000">Share files</s>
  <s id="2001">share time</s>
  <s id="2002">Time to failure</s>
  <s id="2003">copy Link</s>
  <s id="2004">Cancel sharing</s>
  <s id="2005">Copy link information</s>
  <s id="2006">Cancel link sharing</s>
  <s id="2007">copy</s>
  <s id="2008">Views</s>
  <s id="2009">Saved times</s>
  <s id="2010">download times</s>
  <s id="2011">%d times</s>
  <s id="2012">9999+</s>
  <s id="2013">Extraction code:</s>
  <s id="2014">let me think again</s>
  <s id="2015">Cancel external link sharing success</s>
  <s id="2016">Cancel sharing failed, please try again later</s>
  <s id="2017">Cancel sharing link will not work. Are you sure you want to stop sharing?</s>
  <s id="2018">Link copied successfully</s>
  <s id="2019">Link copy failed</s>
  <s id="2020">Failed to get share list</s>
  <s id="2021">Damn!  Rough question!</s>
  <s id="2022">Good things need to be exposed, share the file with your friends ~</s>
  <s id="2023">Try again</s>
  <s id="2024">%d files / folders selected</s>
  <s id="2025">%d items</s>

  <!--图片预览-->
  <s id="2100">Previous</s>
  <s id="2101">Next picture</s>
  <s id="2102">amplification</s>
  <s id="2103">Rotate the picture</s>
  <s id="2104">Share pictures</s>
  <s id="2105">Download</s>
  <s id="2106">Delete</s>
  <s id="2107">Details</s>
  <s id="2108">%d/%d Photo</s>
  <s id="2109">Photo details</s>
  <s id="2110">Types of</s>
  <s id="2111">Owned folder</s>
  <s id="2112">Size</s>
  <s id="2113">Modify</s>
  <s id="2114">Picture Preview</s>
  <s id="2115">%dyear%02d month%02d day%02d:%02d</s>
  <s id="2116">%s file</s>
  <s id="2117">Friends sharing</s>
  <s id="2118">Failed to delete</s>
  <s id="2119">Added to download list</s>
  <s id="2120">source</s>
  <s id="2121">Thumbnail View</s>
  <s id="2122">Is the first</s>
  <s id="2123">Is the last one</s>
  <s id="2124">Back</s>
  <s id="2125">Next</s>
  <s id="2126">Is the first page</s>
  <s id="2127">Is the last page</s>
  <!--工具栏-->
  <s id="2150">Upload</s>
  <s id="2151">Download</s>
  <s id="2152">Share it</s>
  <s id="2153">Delete</s>
  <s id="2154">New folder</s>
  <s id="2155">Download offline</s>
  <s id="2156">New Normal Download</s>
  <s id="2157">New BT task</s>
  <s id="2158">View download list</s>
  <s id="2159">More</s>
  <s id="2160">move to</s>
  <s id="2161">Push to device</s>
  <s id="2162">Document history version</s>
  <s id="2163">Add to</s>
  <s id="2164">Move to network disk file</s>
  <s id="2165">Upload a local file</s>
  <s id="2166">Move out of hidden space</s>
  <s id="2167">Lock now</s>
  <s id="2168">Move into hidden space</s>
  <s id="2169">file name</s>
  <s id="2170">size</s>
  <s id="2171">Change the time</s>
  <s id="2172">Ascending order</s>
  <s id="2173">Descending</s>
  <s id="2174">Switch to list mode</s>
  <s id="2175">Switch to thumbnail mode</s>
  <s id="2176">Sort</s>
  <s id="2177">Safe box</s>
  <s id="2178">%s/%s remaining</s>
  <s id="2179">%s/%s used</s>
  <s id="2180">%d%% capacity exceeded</s>
  <s id="2181">PDF turn Word</s>
  <s id="2182">Reminder of exceeding quantity limit</s>
  <s id="2183">Can convert the first 5 files for you, continue？</s>
  <s id="2184">cancel</s>
  <s id="2185">carry on</s>
  <s id="2186">Mobile phone</s>

  <!--地址栏-->
  <s id="2200">My network drive</s>
  <s id="2201">Safe</s>
  <s id="2202">Search results</s>
  <s id="2203">Search my web drive file</s>
  <s id="2204">Search files in Safe</s>
  <s id="2205">search for</s>
  <s id="2206">/Image</s>
  <s id="2207">/Video</s>
  <s id="2208">/music</s>
  <s id="2209">/Doc</s>
  <s id="2210">/Application</s>
  <s id="2211">/Other</s>
  <s id="2212">/Torrent</s>
  <s id="2213">Refresh</s>
 
  <!--隐藏空间-->
  <s id="2250">Enable the Safe Box to save your private files to it~</s>
  <s id="2251">Enable Safe Box</s>
  <s id="2252">Enable Safe Box just 2 step:</s>
  <s id="2253">1 Use cooperation account in the page End bound mailbox/mobile phone number</s>
  <s id="2254">2 With The Binding of the email/phone number to log network disk</s>
  <s id="2255">To bind</s>
  <s id="2256">The Safe box is what?</s>
  <s id="2257">The Safe box has been locked</s>
  <s id="2258">Password error</s>
  <s id="2259">The Safee box has been locked, recommend to retrieve your password</s>
  <s id="2260">The password is wrong, there are%d input opportunities</s>
  <s id="2261">Please enter the password</s>
  <s id="2262">Please enter the verification code</s>
  <s id="2263">Captcha error</s>
  <s id="2264">Validation failed,please try again later</s>
  <s id="2265">Network anomalies</s>
  <s id="2266">Into the Safe box</s>
  <s id="2267">Input a secondary password</s>
  <s id="2268">Forgot your password?</s>
  <s id="2269">Enter the verification code</s>
  <s id="2270">For a change</s>
  <s id="2271">Choose to shift out of position</s>
  <s id="2272">Tip: to Safe Box in the file does not support share to your friends</s>
  <s id="2273">Network anomalies</s>
  <s id="2274">Private file exists here more secure</s>

  <!--文件视图-->
  <s id="2300">Upload to</s>
  <s id="2301">Copy%u file to</s>
  <s id="2302">Move%u file to</s>
  <s id="2303">File name</s>
  <s id="2304">Size</s>
  <s id="2305">Modification time</s>
  <s id="2306">Create share</s>
  <s id="2307">Super big space to fill, fast to upload it~</s>
  <s id="2308">There is no search to the related file</s>
  <s id="2309">Private file exists here more secure~</s>
  <s id="2310">Upload files</s>
  <s id="2311">Loading, please wait...</s>
  <s id="2312">Oops! The coarse problem!</s>
  <s id="2313">Refresh retry</s>
  <s id="2314">The file does not already exist in the current page</s>
  <s id="2315">Operation too frequent~ please try again later</s>
  <s id="2316">Open</s>
  <s id="2317">Edit</s>
  <s id="2318">Open with</s>
  <s id="2319">Select the program...</s>
  <s id="2320">Play online</s>
  <s id="2321">Download</s>
  <s id="2322">Push to the device</s>
  <s id="2323">Upload</s>
  <s id="2324">Refresh</s>
  <s id="2325">Delete</s>
  <s id="2326">Copy</s>
  <s id="2327">Move to the</s>
  <s id="2328">Moved into the hidden space</s>
  <s id="2329">Moved out of the hidden space</s>
  <s id="2330">Shear</s>
  <s id="2331">Paste</s>
  <s id="2332">Rename</s>
  <s id="2333">Share</s>
  <s id="2334">Document history version</s>
  <s id="2335">New folder</s>
  <s id="2336">Open directory</s>
  <s id="2337">Properties</s>
  <s id="2338">Thumbnail</s>
  <s id="2339">More information</s>
  <s id="2340">View</s>
  <s id="2341">Become a super affiliate</s>
  <s id="2342">Sort</s>
  <s id="2343">Does not support“.” As the file name</s>
  <s id="2344">The folder name cannot be empty</s>
  <s id="2345">The file name can not be empty</s>
  <s id="2346">/Pictures</s>
  <s id="2347">/Video</s>
  <s id="2348">/Music</s>
  <s id="2349">/Document</s>
  <s id="2350">/Applications</s>
  <s id="2351">/Other</s>
  <s id="2352">/Torrent</s>
  <s id="2353">Start</s>
  <s id="2354">Pause</s>
  <s id="2355">Retry</s>
  <s id="2356">All</s>
  <s id="2357">Ascending</s>
  <s id="2358">Descending</s>
  <s id="2359">Name</s>
  <s id="2360">取消上传</s>
  <s id="2361">PDF转Word</s>
  <s id="2362">Mobile phone</s>

  <!--最近使用视图-->
  <s id="2365">To clear the record</s>
  <s id="2366">Delete the file</s>
  <s id="2367">Recently used</s>
  <s id="2368">The system prompts</s>
  <s id="2369">Clear only delete records, do not delete the file</s>
  <s id="2370">No longer prompt</s>
  <s id="2371">Confirm clear</s>

  <!--状态栏-->
  <s id="2400">Management shortcut function entry</s>
  <s id="2401">Have selected%d items</s>
  <s id="2402">%d items</s>
  <s id="2403">Network anomalies</s>
  <s id="2404">Automatically backup folder</s>
  <s id="2405">The locking disk</s>
  <s id="2406">Tachometer</s>
  <s id="2407">User rewards program</s>
  <s id="2408">Has been added to the user rewards program</s>
  <s id="2409">+%.1f hours</s>
  <s id="2410">+99+hours</s>
  <s id="2411">+0 hours</s>

  <!--文件操作-->
  <s id="2500">Sure you want to delete%s?</s>
  <s id="2501">Sure you want to delete this%d file or folder?</s>
  <s id="2502">May be in the Recycle Bin to retrieve deleted file</s>
  <s id="2503">Deleted files will not go into the Recycle Bin</s>
  <s id="2504">File or folder already exists, the operation fails</s>
  <s id="2505">New folder failed, please try again later</s>
  <s id="2506">Network connection failed, can not upload file</s>
  <s id="2507">Tips</s>
  <s id="2508">Download path of no write permissions, to the administrator mode to run the Baidu network disk</s>
  <s id="2509">Are download</s>
  <s id="2510">The network is abnormal, the operation fails</s>
  <s id="2511">File or folder does not exist, the operation fails</s>
  <s id="2512">Disk space is full, the operation fails</s>
  <s id="2513">Operation failed</s>
  <s id="2514">Operation please wait...</s>
  <s id="2515">Choose to shift out of position</s>
  <s id="2516">Cancel</s>
  <s id="2517">Moved into the hidden space</s>
  <s id="2518">Moved into the file contains a third-party file,to move into after the third-party will be unable to see the\r\n the file is moved into it?</s>
  <s id="2519">Moved into</s>
  <s id="2520">Cancel</s>
  <s id="2521">A single operation must not exceed%d, please few points and then the operation</s>
  <s id="2522">Temporarily does not support online browsing, please download to view later</s>

  <!--自动更新-->
  <s id="2600">Baidu network disk to automatically update</s>
  <s id="2601">Immediately open</s>
  <s id="2602">V%s</s>

  <!--下载提示-->
  <s id="2700">The local space is insufficient, cleaning up after try again</s>
  <s id="2701">The file has been deleted</s>
  <s id="2702">Network anomalies</s>
  <s id="2703">The file has been canceled share</s>
  <s id="2704">The download directory does not have permission to</s>
  <s id="2705">The local path is invalid</s>
  <s id="2706">Outside the chain access password error </s>

  <!--短信动态密码登录-->
  <s id="2800">SMS quick login</s>
  <s id="2801">Enter the phone number</s>
  <s id="2802">Enter the dynamic password</s>
  <s id="2803">To obtain the dynamic password</s>
  <s id="2804">%d seconds and retransmission</s>
  <s id="2805">Phone number format error</s>
  <s id="2806">Send dynamic password is too frequent, please try again later</s>
  <s id="2807">Verification code input errors</s>
  <s id="2808">Please enter the verification code</s>
  <s id="2809">Please enter the phone number</s>
  <s id="2810">Oops! The coarse problem! Please try again later...</s>
  <s id="2811">Network anomalies, to obtain the dynamic password failure</s>
  <s id="2812">Clear the phone number</s>
  <s id="2813">The dynamic password does not exist</s>
  <s id="2814">Please enter the SMS dynamic password</s>
  <s id="2815">Enter the phone number</s>
  <s id="2816">Read and accept the</s>
  <s id="2817">The Baidu user agreement</s>

  <!--最近使用-->
  <s id="2900">Name</s>
  <s id="2901">Source time</s>
  <s id="2902">Size</s>
  <s id="2903">To clear the record</s>
  <s id="2904">Share</s>
  <s id="2905">Download</s>
  <s id="2906">Delete</s>
  <s id="2907">File</s>
  <s id="2908">Pictures</s>
  <s id="2909">Video</s>
  <s id="2910">%d images and%d video</s>
  <s id="2911">--</s>
  <s id="2912">View more of the file></s>
  <s id="2913">Upload</s>
  <s id="2914">Backup</s>
  <s id="2915">Dump</s>
  <s id="2916">View</s>
  <s id="2917">Computer</s>
  <s id="2918">iPhone</s>
  <s id="2919">Phone</s>
  <s id="2920">Page</s>
  <s id="2921">In the directory view more</s>
  <s id="2922">No recently used file~</s>
  <s id="2923">iPad</s>
  <s id="2924">WeChat small program</s>
  <s id="2925">Clear record of failure</s>
  <s id="2926">Clear the record file failed</s>
  <s id="2927">Just</s>
  <s id="2928">Minutes ago</s>
  <s id="2929">Hours ago</s>
  <s id="2930">Yesterday</s>
  <s id="2931">Play</s>
  <s id="2932">Pictures and video</s>
  <s id="2933">More></s>
  <s id="2934">There is no recent record of~</s>

  <!--用户奖励计划-->
  <s id="3000">User rewards program</s>
  <s id="3001">Network connection failure</s>
  <s id="3002">Retry</s>
  <s id="3003">Cancel</s>
  <s id="3004">OK</s>
  <s id="3005">Choose rewards program path</s>
  <s id="3006">Browse</s>
  <s id="3007">Exit the rewards program reminder</s>
  <s id="3008">I think again</s>
  <s id="3009">Confirm exit</s>
  <s id="3010">After the exit will not be able to continue to obtain the rewards program points, points can be exchanged for the love of the odd\r\n Art VIP month Card</s>
  <!--锁定功能计划-->
  <s id="3020">Anti - “peeping”\n can be a key to the lock disk</s>
  <s id="3021">Auto-Lock is turned on(%d min)\n-if you need to close the please click</s>
  <s id="3022">Set</s>
  <!--隐藏空间付费引导-->
  <s id="3100">Immediate opening</s>
  <s id="3101">Cancel</s>

  <!--pdf转word付费引导-->
  <s id="3200">join membership</s>
  <s id="3201">Become a member and enjoy the privilege of PDF to Word</s>
  <s id="3202">Open member 10 yuan/month</s>

  <!--自动备份tip引导-->
  <s id="3300">The folder automatic backup function is now available\nfor free trial~</s>

  <!--视频清晰度选择-->
  <s id="3301">360P</s>
  <s id="3302">480P</s>
  <s id="3303">720P</s>
  <s id="3304">1080P</s>
  <s id="3305">2K</s>
  <s id="3306">Quality:</s>
  <s id="3307">Become a super member, you can unlock all the clarity of this film：</s>
  <s id="3308">%d：</s>
  <s id="3309">4K</s>
  <s id="3310">2K</s>
  <s id="3311">4K</s>
  <s id="3312">Is switching to you</s>
  <s id="3313">Resolution switching failed, please try again</s>
  <s id="3314">Switched sharpness successfully</s>
  <s id="3315">Sharpness...</s>
  <s id="3316">360P</s>
  <s id="3317">480P</s>
  <s id="3318">720P</s>
  <s id="3319">1080P</s>
  <s id="3320">2K</s>
  <s id="3321">4K</s>
    
  <!--File Uploadtip-->
  <s id="3400">Save to Baidu Net Disk</s>
  <s id="3401">Uploading to(%s) folder</s>
  <s id="3402">Do not remind again</s>
  <s id="3403">understood</s>
  <s id="3404">Tips: Only the latest version of the file with the same name will be kept in the cloud</s>

    <!--Device logout-->
  <s id="3410">This device has been logged out</s>
  <s id="3411">This device has been logged out! If not operated by yourself, please change the password in time to avoid the loss of stored data.</s> 
  <s id="3412"> OK </s>

    <!--Mutual assistance speed-up function-->
  <s id="3415">Download speedup</s>
  <s id="3416">[Download speedup] is to set the idle upload bandwidth on the computer side into a unique transmission channel to accelerate the files downloaded and entered into the transmission channel using the computer side. The upload bandwidth will continue to optimize the quality of the transmission channel. The higher the channel quality, the more obvious the acceleration effect.</s>
  <s id="3417">What you get</s>
  <s id="3418">You provide</s>
  <s id="3419">Files downloaded through this transmission channel will have an acceleration effect.</s>
  <s id="3420">Provide idle upload bandwidth to optimize the quality of download transmission channels.</s>
  <s id="3421">I have read and agree</s>
  <s id="3422">"Download Speed-up Function Agreement"</s>
  <s id="3423">Turn on speed-up mode</s>
  <s id="3424">Please read and tick the user agreement</s>
  <s id="3428">The higher the quality of the transmission channel, the more obvious the acceleration effect.</s>
  <s id="3429">Intelligent transmission control does not affect the online experience.</s>
  <s id="3430">Special note: due to factors such as the network environment and file attributes, some files cannot enter this transmission channel and gain acceleration.</s>
  <s id="3431">Turn on download speedup</s>

    <!--Document Preview Function-->
  <s id="3450">View the document</s>
  <s id="3451">This file type is not supported, you can view it after downloading </s>
  <s id="3452">Download</s>
  <s id="3453">Network failure</s>
  <s id="3454">Replay</s>

  <!--Functional Treasure Chest-->
  <s id="3435">Equipment management</s>
  <s id="3436">Manage login devices to protect account security </s>
    
 <!--Scan code to open file dialog-->
  <s id="3500">Mobile phone scan code to view</s>
  <s id="3501">Scan and view on mobile phone</s>
  <s id="3502">turn on</s>
  <s id="3503">File size：%s</s>
  <s id="3504">Network connection failed</s>
  <s id="3505">Connection failed</s>
  <s id="3506">Click retry</s>
  <s id="3507">Loading...</s>
  <s id="3508"> Baidu SkyDriveAPP </s>
  <s id="3509">scan it</s>
  <s id="3510">Currently does not support computer online preview，</s>
  <s id="3511">Please use your mobile phone to scan or download and view</s>
  <s id="3512">(Please use 10.1.60 and above)</s>

  <!--Batch share links-->
  <s id="3437">You set a limit on the number of visitors, and the number of visitors per link is limited to %d</s>
  <s id="3438">Number of links created</s>
  <s id="3439">Can enter 1-10</s>
  <s id="3440">At least 1 link must be filled in</s>
  <s id="3441">You have not filled in the number of links</s>
  <s id="3442">You can only create up to 10 links</s>
  <s id="3443">Creating bulk links, please wait</s>
  <s id="3444">Super members enjoy privileges, create multiple links with one click</s>
  <s id="3445">Create bulk links</s>



</string>