﻿<layer width="1118" height="698" minsize="1024,698" appwin="1" ncRect="12,12,12,12"  resize="1" translucent="1" nomaxsize="0">
  <body>
    <dlg name="MainWindowPanel" pos="0,0,-0,-0" skin="main_dlg_frame">
      <dlg name="MainPanel" pos="9,9,-9,-9" crbg="ffffff">
      <!--标题栏-->
      <include src="IDR_DUI_TITLE_PANEL"/>
      <!--客户区-->
      <dlg name="ClientPanel" pos="0,75,-0,-0">
        <!--我的网盘-->
        <dlg name="NetdiskContainerPanel" pos="0,0,-0,-0" show="1">
          <!--侧边栏-->
          <dlg name="NetdiskLeftPanel" pos="0,0,165,-0">
		        <include src="IDR_DUI_LEFT_PANEL"/>
          </dlg>
          <!--最近使用列表视图区域-->
          <dlg name="RecentUsePanel" pos="165,0,-0,-0" show="0">
            <include src="IDR_DUI_RECENT_PANEL"/>
          </dlg>
          <!--文件列表视图区域-->
          <dlg name="FileViewPanel" pos="165,0,-0,-0">
            <include src="IDR_DUI_PAN_CONTAINER_PANEL"/>
            <include src="IDR_DUI_SAFEBOX_CONTAINER_PANEL"/>
          </dlg>
          <!--我的分享链接视图区域-->
          <dlg name="MySharePanel" pos="165,0,-0,-0" show="0">
            <include src="IDR_DUI_SHARELIST_PANEL"/>
          </dlg>
          <!--隐藏空间激活区域-->
          <dlg name="SafeboxActivePanel" pos="165,0,-0,-0" show="0">
            <include src="IDR_DUI_SAFEBOX_ACTIVE_PANEL"/>
          </dlg>
        </dlg>
        <!--传输列表-->
        <dlg name="TransContainerPanel" pos="0,0,-0,-0" show="0">
          <!--侧边栏-->
          <dlg name="TransLeftPanel" pos="0,0,165,-0">
            <include src="IDR_DUI_TRANS_LEFT_PANEL"/>
          </dlg>
          <!--传输列表视图区域-->
          <dlg name="TransListPanel" pos="165,0,-0,-0">

          </dlg>
        </dlg>
        <!--好友分享-->
        <dlg name="SharePanel" pos="0,0,-0,-0" show="0">
          <include src="IDR_DUI_SHARE_PANEL"/>
        </dlg>
        <!--功能宝箱-->
        <dlg name="FunctionnalBoxPanel" pos="0,0,-0,-0" show="0">
          <!--功能宝箱入口界面-->
          <include src="IDR_DUI_FUNCTIONALBOX_PANEL"/>
          <!--手机忘带界面-->
          <include src="IDR_DUI_PHONE_PANEL"/>
          <!--数据线界面-->
          <include src="IDR_DUI_PT2PT_PANEL"/>
        </dlg>
      </dlg>
    </dlg>
    </dlg>
  </body>
</layer>
