﻿<string>
  <!--панель линий данных-->
  <s id="777">Файлы с телефона</s>
  <s id="1">Файлы с телефона</s>
  <s id="2">Ожидание телефонной связи</s>
  <s id="3">"Войдите в ту же версию Android-версии Baidu Net Disk в той же сети, введите 'Еще-> Инструменты-> Кабель', подключитесь"</s>
  <s id="4">Право ~</s>
  <s id="5">"Сканируйте QR-код, чтобы установить последнюю версию Android онлайн-диска Baidu"</s>
  <s id="6">Удобная передача файлов без линии передачи данных</s>
  <s id="7">Оставшееся место для хранения:%s</s>
  <s id="8">Отключить</s>
  <s id="9">Передача файлов</s>
  <s id="10">"Пожалуйста,выберите файл/папку"</s>
  <s id="11">Отправить файл</s>
  <s id="12">Успешная передача</s>
  <s id="13">Файл</s>
  <s id="14">Перетащите для передачи файлов</s>
  <s id="15">Не удалось отправить файл из-за возможных сетевых причин</s>
  <s id="16">Повтор</s>
  <s id="17">В настоящее время файлы передаются.Вы хотите прервать передачу.</s>
  <s id="18">Системная подсказка</s>
  <s id="19">Отключен от телефона</s>
  <s id="20">Удалить</s>
  <s id="21">Открыть файл</s>
  <s id="22">Открыть папку</s>
  <s id="23">Загрузить на мой онлайн диск</s>
  <s id="24">В настоящее время файлы передаются. Очистка прервет передачу. Вы хотите очистить?</s>
  <s id="25">Пусто</s>
  <s id="26">Отмена</s>
  <s id="27">Файл добавлен в список передачи моего сетевого диска</s>
  <s id="28">В ожидании передачи ...</s>
  <!--Сообщение об ошибке-->
  <s id="29">Локальный путь к файлу не существует или неверен</s>
  <s id="30">"Локальный файл занят. Пожалуйста, закройте и попробуйте снова"</s>
  <s id="31">Не удалось открыть локальный файл</s>
  <s id="32">Ошибка чтения локального файла</s>
  <s id="33">"Системный лимит файла - 4G, невозможно получить"</s>
  <s id="34">"Недостаточно места, очистите и попробуйте снова"</s>
  <s id="35">Файл не существует</s>
  <s id="36">Папка не найдена или нет прав доступа</s>
  <s id="37">Ошибка записи в файл</s>
  <s id="38">Передача не удалась</s>
  <s id="39">Файл-аналог не существует</s>
  <!--Пункты меню-->
  <s id="40">Выберите файл для отправки</s>
  <s id="41">Очистить все</s>
  <s id="42">Открыть</s>
  <s id="43">Удалить</s>
  <s id="44">Отменить передачу</s>
  <!--подсказка линий данных-->
  <s id="100">Не можете найти этот компьютер на мобильном телефоне?</s>
  <s id="101">Я постараюсь</s>
  <s id="102">Перейти на мобильное обнаружение</s>
  <s id="103">"Не удалось подключиться к сети, невозможно загрузить файл"</s>
  <!--забыли мобильный телефон -->
  <s id="200">Подключение мобильного телефона</s>
  <s id="201">"Мобильный онлайн-диск Baidu ""Открой - забудь взять с собой мобильный телефон"</s>
  <s id="202">Подключение к мобильному телефону</s>
  <s id="203">Не удалось подключиться к мобильному телефону</s>
  <s id="204">Повтор</s>
  <s id="205">Запись звонка</s>
  <s id="206">CMC</s>
  <s id="207">"За последние три дня запись звонков отсутствует. Если есть новый звонок, онлайн-набор напомнит вам вовремя"</s>
  <s id="208">"В течение последних трех дней сообщений нет. Если появится какое-либо новое сообщение, онлайн-диск напомнит вам о нем"</s>
  <s id="211">Попытка загрузить</s>
  <s id="212">Ошибка загрузки</s>
  <s id="213">Отключить</s>
  <s id="214">Копирование СМС</s>
  <s id="215">Сообщение было скопировано</s>
  <s id="216">Переключить мобильный телефон</s>
  <s id="217">Обновление</s>
  <s id="220">Перед использованием, пожалуйста</s>
  <s id="221">Откройте эту функцию в</s>
  <s id="222">(Поддерживается только Android 7.4 и выше)</s>
  <s id="223">Повтор</s>

  <s id="230">Мобильный телефон не забудьте принести быстрое</s>
  <s id="231">Ваш аккаунт был зарегистрирован на других компьютерах и забыл принести его</s>
  <s id="232">Мощность мобильного телефона слишком мала. Он может быть отключен и отключен в любое время</s>
  <s id="233">Телефон был с локальным отключением</s>
  <!--Запись сообщения-->
  <s id="250">Закрыть</s>
  <s id="251">Свернуть</s>
  <s id="252">Настройки сети</s>
  <s id="253">Войдите с партнерским аккаунтом</s>
  <s id="254">Создать аккаунт</s>
  <s id="255">Зарегистрируйте аккаунт Baidu прямо сейчас</s>
  <s id="256">Войти в систему</s>
  <s id="257">Войти через Weibo</s>
  <s id="258">Войти через QQ</s>
  <s id="259">Войти через WeChat</s>
  <s id="260">Запомнить пароль</s>
  <s id="261">Авто вход</s>
  <s id="262">Забыли пароль?</s>
  <s id="263">Удалить информацию об аккаунте</s>
  <s id="264">"Пожалуйста, введите номер вашего счета"</s>
  <s id="265">"Пожалуйста, введите пароль"</s>
  <s id="266">Изменить один</s>
  <s id="267">"Пожалуйста, выберите, как войти?"</s>
  <s id="268">Логин аккаунта</s>
  <s id="269">Логин мобильного номера</s>
  <s id="270">Номер мобильного телефона /E-mail/Логин</s>
  <s id="271">******</s>
  <s id="272">Пожалуйста</s>
  <s id="273">Обязательный номер телефона</s>
  <s id="274">Разместить логин</s>
  <s id="275">WeChat</s>
  <s id="276">Caps Lock вкл</s>
  <s id="277">Удаление пароля</s>
  <s id="278">Сканирование Аккаунта</s>
  <s id="279">Войти</s>
  <s id="280">Используйте:</s>
  <s id="281">Baidu Cloud App</s>
  <s id="282">для сканирования</s>
  <s id="283">Обновить QR-код</s>
  <s id="284">Загрузка не удалась, пожалуйста, обновите и попробуйте снова</s>

  <!--функциональное сокровище-->
  <s id="285">Забудьте взять с собой мобильный телефон</s>
  <s id="286">Кабель для передачи данных</s>
  <s id="287">Автоматическое резервное копирование</s>
  <s id="288">Блокировка Baidu Cloud</s>
  <s id="289">Корзина</s>
  <s id="290">Инструменты</s>
  <s id="291">Больше функций</s>
  <s id="292">Легко просматривать звонки и смс</s>
  <s id="293">Перевод мобильных телефонов / компьютера</s>
  <s id="294">Блокировка Baidu Disk</s>
  <s id="295">Резервные файлы</s>
  <s id="296">Удалить файлы</s>
  <s id="297">Очистка файлов</s>
  <s id="298">Сохранить на диск</s>
  <!--Диалог очистки кэша-->
  <s id="300">Выпуск подсказки кеша</s>
  <s id="301">Слишком много кэша. Очистка диска может освободить больше места и повысить скорость загрузки сетевого диска. Вы хотите очистить кеш?</s>
  <s id="302">Очистка %u%%</s>
  <s id="303">"Релиз завершен, и в следующий раз операция будет более гладкой с использованием онлайн-диска Baidu."</s>
  <s id="304">Релиз кеш</s>
  <s id="305">Завершить и выйти</s>

  <!--Разделить сеанс-->
  <s id="315">Сессия</s>
  <s id="316">Друзья</s>
  <s id="317">Группа</s>
  <s id="318">Создать группу</s>
  <s id="319">Добавить друга</s>
  <s id="320">Примечания:</s>
  <s id="321">Ник:</s>
  <s id="322">Baidu номер счета:</s>
  <s id="323">Поделиться файлами</s>
  <s id="324">Удалить друга</s>
  <s id="325">Черный список</s>
  <s id="326">"Вы еще не добавили друзей. Сначала создайте группу, а затем пригласите друзей"</s>
  <s id="327">"У тебя еще нет друга. Добавить друга, чтобы поделиться файлом"</s>
  <s id="328">Вы еще не присоединились к группе ～</s>
  <s id="329">Выберите друга слева и начните делиться файлами ～</s>
  <s id="330">После присоединения к черному списку вы больше не будете получать сообщения от другой стороны. Вы хотите продолжить? (черный список можно удалить на веб-странице)</s>
  <s id="331">Нажмите чтобы добавить заметку</s>
  <s id="332">Выход из группы</s>
  <s id="333">Удалить список сеансов</s>
  <s id="334">"Вы уверены, что хотите удалить «%s»?"</s>
  <s id="335">Удалить</s>
  <s id="336">Блокированные</s>
  <s id="337">Успешно удален</s>
  <s id="338">Удаление не удалось</s>
  <s id="339">Не удалось присоединиться к черному списку</s>
  <s id="340">Удаление</s>
  <s id="341">Присоединение к черному списку</s>
  <s id="342">Добавление друзей</s>
  <s id="343">Успешно добавлен в друзья</s>
  <s id="344">Не удалось добавить друга</s>
  <s id="345">Удалить и выйти из группы</s>
  <s id="346">Замечания по модификации</s>
  <s id="347">Переименовать группу</s>
  <s id="348">"Вы уверены, что хотите выйти и удалить эту группу?"</s>
  <s id="349">Выйти из группы</s>
  <s id="350">Ошибка вывода группы</s>
  <s id="351">Успешное снятие группы</s>
  <s id="352">Не удалось создать группу</s>
  <s id="353">"Привышен интервал создания группы"</s>
  <s id="354">Создание группы</s>
  <s id="355">Удалить сессию</s>
  <s id="356">Добавить участников</s>
  <s id="357">Удаление участников группы</s>
  <s id="358">Не удалось удалить участников группы</s>
  <s id="359">Участник группы успешно удалены</s>
  <s id="360">Делитесь фотографиями с друзьями за 2 шага</s>
  <s id="361">Делитесь файлами с друзьями</s>
  <s id="362">Библиотека файлов</s>
  <s id="363">Введите текстовое сообщение</s>
  <s id="364">Отправить</s>
  <s id="365">Возвращение</s>
  <s id="366">Скачать</s>
  <s id="368">Добавление участников группы</s>
  <s id="369">Добавить участников группы успешно</s>
  <s id="370">Не удалось добавить участников группы</s>
  <s id="371">[Отправка]</s>
  <s id="372">[Ошибка отправки]</s>
  <s id="373">Просмотр истории сообщений</s>
  <s id="374">Добавить в список передачи</s>
  <s id="375">Сохранение ...</s>
  <s id="376">Сохранить не удалось</s>
  <s id="377">Сохранить успешно</s>
  <s id="378">Групповой QR код</s>
  <s id="379">Пригласите своих друзей из QQ и Weibo</s>
  <s id="380">Ссылка успешно скопирована</s>
  <s id="381">Закрыть</s>
  <s id="382">Загрузка...</s>
  <s id="383">Воспроизвести</s>
  <s id="384">"Вы привысили лимит отправки сообщений сегодня. Чтобы отправить сообщение, вам необходимо подтвердить"</s>
  <s id="385">"Пользователь не является вашим другом, пожалуйста, обратите внимание на безопасность конфиденциальности"</s>
  <s id="386">Добавить в друзья</s>
  <s id="387">Поделиться файлами</s>
  <s id="388">Очистить все</s>
  <s id="389">Сохранить</s>
  <s id="390">Copy</s>
  <s id="391">Не удалось отправить из-за сети и других причин</s>
  <s id="392">Ждите нескольких файлов</s>
  <s id="393">Отправить</s>
  <s id="394">Удалить</s>
  <s id="395">Вы больше не в этой группе</s>
  <s id="396">Отправлено слишком много слов</s>
  <s id="397">Отправленные сообщения содержат важные слова</s>
  <s id="398">"Проверка не удалась. Пожалуйста, попробуйте еще раз"</s>
  <s id="399">Доля была удалена</s>
  <s id="400">у пользователя нет разрешения на операцию для общего ресурса</s>
  <s id="401">Отправка не удалась</s>
  <s id="402">Пользователь отказывается принимать ваше сообщение</s>
  <s id="403">Пользователь не принимает сообщения от неизвестных лиц</s>
  <s id="404">Слишком много файлов в обмене</s>
  <s id="405">Не удалось получить код подтверждения</s>
  <s id="406">Сетевая ошибка</s>
  <s id="407">"Операция не удалась, попробуйте позже"</s>
  <s id="408">Операция провалена</s>
  <s id="409">Там немного проблемы</s>
  <s id="410">"Пожалуйста, войдите снова"</s>
  <s id="411">Вы не можете добавить себя в друзья</s>
  <s id="412">Количество друзей превышает лимит</s>
  <s id="413">Пользователь уже является вашим другом</s>
  <s id="414">Пользователь не найден</s>
  <s id="415">Вы не можете пожаловаться на самого себя</s>
  <s id="416">"Операция достигла предела, удалите некоторые и попробуйте снова"</s>
  <s id="417">Пользователь был добавлен</s>
  <s id="418">"Создание группы достигло предела, пожалуйста, удалите некоторые группы, попробуйте снова"</s>
  <s id="419">Участник группы достиг верхнего предела</s>
  <s id="420">Группа не существует</s>
  <s id="421">Временно нет разрешения на</s>
  <s id="422">"Получить сообщение не удалось, пожалуйста, попробуйте еще раз"</s>
  <s id="423">Создание группы прошла успешно</s>
  <s id="424">"Сохранить не удалось, повторите попытку"</s>
  <s id="425">"Выстраиваются в очередь, чтобы сохранить, пожалуйста, подождите"</s>
  <s id="426">"Место заполнено, пожалуйста, очистите пространство и попробуйте"</s>
  <s id="427">Сохраните номер файла слишком много</s>
  <s id="428">Файл уже существует</s>
  <s id="429">"Пожалуйста, введите проверочный код"</s>
  <s id="430">"Члены ультра-лимит, пожалуйста, Little Buddy, попробуйте еще раз"</s>
  <s id="431">"Не удалось удалить участника группы, повторите попытку"</s>
  <s id="432">"Не удалось вернуться в группу, повторите попытку"</s>
  <s id="433">"Не удается сохранить из библиотеки файлов, чтобы повторить"</s>
  <s id="434">"Сохранить не удалось, повторите попытку"</s>
  <s id="435">Исходный файл не существует</s>
  <s id="436">"На диске слишком много файлов, не удается сохранить"</s>
  <s id="437">Новые друзья</s>
  <s id="438">Поделиться файлами</s>
  <s id="439">По</s>
  <s id="440">Отказаться</s>
  <s id="441">Отклонено</s>
  <s id="442">Уведомление о новом друге</s>
  <s id="443">Добавил Вас в друзья</s>
  <s id="444">"Отвечая на вопрос, чтобы добавить вас в друзья"</s>
  <s id="445">Другой участник отклонил заявку ваших друзей</s>
  <s id="446">По запросу друга</s>
  <s id="447">Отказ в запросе на добавление в друзья</s>
  <s id="448">Был через запрос о дружбе</s>
  <s id="449">Отклонен запрос на добавление в друзья</s>
  <s id="450">Проверьте информацию:</s>
  <s id="451">Поделиться</s>
  <s id="452">Сгруппируйте QR-код</s>
  <s id="453">"Другой включил друга, чтобы убедиться, что вы не его или ее друзья,"</s>
  <s id="454">"Отправить другу, чтобы проверить"</s>
  <!--Добавить в список друзей-->
  <s id="500">OK</s>
  <s id="501">Отмена</s>
  <s id="502">Пожалуйста, введите проверочный код</s>
  <s id="503">Поделиться файлами</s>
  <s id="504">"Не найти вас для поиска пользователя, проверьте ввод панели учетной записи"</s>
  <s id="505">Добавить друга</s>
  <s id="506">"Войдите в аккаунт Baidu, чтобы добавить друзей"</s>
  <s id="507">Аккаунт Baidu:</s>
  <s id="508">Поиск</s>
  <s id="509">Добавить в друзья</s>
  <s id="510">"Операция ""Добавить друга"" слишком частая, укажите код"</s>
  <s id="511">(Уже Друзья)</s>
  <s id="512">(Собственный)</s>
  <s id="513">"Смотрите, для одного"</s>
  <s id="514">Следующие символы не чувствительны к регистру</s>
  <s id="515">"Введите имя пользователя / почтовый ящик, чтобы найти"</s>
  <s id="516">"Пожалуйста, войдите, а затем введите"</s>
  <s id="517">"Появилась небольшая проблема, пожалуйста, введите заново"</s>
  <s id="518">"Поиск слишком много раз, пожалуйста, попробуйте позже"</s>
  <s id="519">"Пожалуйста, введите проверочный код"</s>
  <s id="520">Ошибка с проверкой</s>
  <s id="521">"Другой требует, чтобы вы заполнили аутентификационную информацию:"</s>
  <s id="522">послать</s>
  <s id="523">Добавить друга</s>
  <s id="524">Отмена</s>
  <s id="525">Хочу добавить вас в друзья ~</s>
  <s id="526">"Человек отказывается от любого человека, добавленного в друзья"</s>
  <s id="527">Информация аутентификации не содержит конфиденциальных слов</s>
  <s id="528">Ответить на проверку не удалось</s>
  <s id="529">"Отправлено успешно, ожидая подтверждения от друга"</s>
  <s id="530">Вопрос:</s>
  <!--командная головка управления участниками группы-->
  <s id="600">Подсказки</s>
  <s id="601">"ПК-версия постановки сетевого диска Baidu не поддерживает управление группой, пожалуйста, загрузите телефонную версию Baidu Cloud Management"</s>
  <s id="602">Сканировать код QR-код для загрузки</s>
  <s id="603">Используйте программное обеспечение для сканирования двумерного кода телефона</s>
  <s id="604">Легко скачать Baidu сетевой диск</s>
  <s id="605">Принять</s>
  <!--Диалог двухмерных кодов-->
  <s id="610">QR код группы</s>
  <s id="611">"Откройте сетевой диск Baidu, отсканируйте код, чтобы присоединиться к группе"</s>
  <s id="612">Скопировать в буфер обмена</s>
  <s id="613">Сохранить в местном</s>
  <s id="614">Быть созданным в ...</s>
  <s id="615">Сгенерировать QR-код не удалось</s>
  <s id="616">В одном групповом чате дo \n вы можете добавить%d личного</s>
  <s id="617">Был скопирован в буфер обмена</s>
  <s id="618">Сохранено на рабочий стол</s>
  <s id="619">Члены закрытой группы предложили \ n отключить двумерный код в группе</s>
  <s id="620">Ошибка копирования в буфер обмена</s>
  <s id="621">Сохранить его на локальный сбой</s>
  <s id="622">Нет группового введения</s>
  <!--Диалог личных данных-->
  <s id="700">ТА информация</s>
  <s id="701">Добавлено в черный список</s>
  <s id="702">Добавить в друзья</s>
  <s id="703">Поделиться файлами</s>
  <s id="704">Никнейм</s>
  <s id="705">Аккаунт Baidu:</s>

  <!--подсказка о резервном копировании устройства-->
  <s id="706">Резервное копирование устройства</s>
  <s id="707">"Недостаточно места на диске%s, очистите его, а затем попробуйте"</s>

  <!--Диалог уведомления об обновлении функции авторезервного копирования-->
  <s id="750">"Советы: автоматическое резервное копирование отключено, загруженный файл резервной копии все равно будет зарезервирован для вас"</s>
  <s id="751">Получить VIP доступ</s>
  <s id="752">Я знаю</s>
  <s id="753">Обновление VIP доступа подтвердить</s>
  <s id="754">Как обновить VIP доступ?</s>
  <s id="755">Купить успех</s>
  <s id="756">Не покупайте</s>
  <s id="757">Автоматическое резервное копирование отключено</s>
  <s id="758">"Из-за того, что членство в обновлении не удалось, функция автоматического резервного копирования отключена, пожалуйста, обновите членство до \r\n в наборе, чтобы включить функцию."</s>
  <s id="759">Я знаю</s>
  <s id="760">Обновить VIP доступ</s>
  <s id="761">"Не члены не могут использовать функцию автоматического резервного копирования, пожалуйста, откройте членство после повторной попытки"</s>
  <s id="762">Я знаю</s>
  <s id="763">Обновить VIP доступ</s>
  <s id="765">Обновить VIP доступ</s>
  <s id="766">"Советы: автоматическое резервное копирование является привилегиями членства, членство истекает после того, как не сможет использовать"</s>
  <s id="767">Продлить VIP доступ</s>
  <s id="768">Посмотреть детали></s>

  <!--Диалог привилегий для массовых загрузок файлов-->
  <s id="800">Загрузить файлы</s>
  <s id="801">"Загрузка файлов превышает лимит,%s может продолжить загрузку"</s>
  <s id="802">Обновление до Super VIP доступ'a</s>
  <s id="803">Отмена</s>
  <s id="804">Обновленить VIP подтвердить</s>
  <s id="805">Как обновить VIP доступ?</s>
  <s id="806">VIP обновлен</s>
  <s id="807">не обновлять VIP</s>
  <s id="808">"Не удалось обновить VIP доступ, пожалуйста, попробуйте снова"</s>
  <s id="809">Помимо привилегий пакетной загрузки действуют ограничения на количество</s>
  <s id="810">"Не удалось открыть участников, невозможно загрузить"</s>
  <s id="811">"Не удалось получить идентификатор пользователя, пожалуйста, войдите в систему и попробуйте снова"</s>
  <s id="812">Посмотреть детали></s>
  <s id="813">Покупка не удалась</s>
  <s id="814">Запрос об исключении</s>
  <!--Диалоговое окно с сообщением об ошибке-->
  <s id="820">Запрос об исключении</s>
  <s id="821">Удалить</s>
  <s id="822">OK</s>
  <s id="823">"Сетевой диск, когда количество слишком велико, влияет на использование опыта, пожалуйста, удалите текст \n, а затем "</s>
  <s id="824">Ваш сетевой диск Baidu заблокирован</s>
  <!--Диалоговое окно работы с архивами-->
  <s id="830">Получить VIP доступ</s>
  <s id="831">Получить Super VIP доступ</s>
  <s id="832">Обновить Super VIP доступ</s>
  <s id="833">"Пожалуйста, введите пароль от архива"</s>
  <s id="834">"На данный момент не поддерживает распаковку такого файла, пожалуйста, загрузите файл"</s>
  <s id="835">Архив слишком большой, больше 8G, пожалуйста скачайте"</s>
  <s id="836">Пароль от архива</s>
  <s id="837">OK</s>
  <s id="838">"Пожалуйста, введите пароль"</s>
  <s id="839">Облачный экстракт</s>
  <s id="840">Распаковка %d%%</s>
  <s id="841">Выбрали %d файлов</s>
  <s id="842">Скачать</s>
  <s id="843">Имя файла</s>
  <s id="844">Размер</s>
  <s id="845">Всего %d файлов</s>
  <s id="846">Вернуться на предыдущий уровень</s>
  <s id="847">Мой файл</s>
  <s id="848">Открыть</s>
  <s id="849">Распаковать в</s>
  <s id="850">Распакуйте все файлы</s>
  <s id="851">"Уважаемый VIP пользователь, вы наслаждаетесь облаком."</s>
  <s id="852">"Super VIP пользователь, вы наслаждаетесь облаком."</s>
  <s id="853">Вот воздух Йо ~</s>
  <s id="854">Вы открыты...</s>
  <s id="855">Распаковка не удалась</s>
  <s id="856">Не достаточно места,для извлечения</s>
  <s id="857">"Распаковка прошла успешно, файл одновременно сохраняется в"</s>
  <s id="858">"Ошибка распаковки, ошибка сети"</s>
  <s id="859">"Уважаемые участники, распакуйте архив"</s>
  <s id="860">"Уважаемые Super участник, распаковано успешно"</s>
  <s id="861">"Сетевые неполадки, попробуйте позже"</s>
  <s id="862">VIP доступ</s>
  <s id="863">Super VIP доступ</s>
  <s id="864">"Файлы извлекаются, пожалуйста, подождите ..."</s>
  <s id="865">"Начинаем загрузку, подождите ..."</s>
  <s id="866">"Открываем файл, пожалуйста, подождите ..."</s>
  <s id="867">Извлечено успешно</s>
  <s id="868">"Не правильный пароль, пожалуйста, введите заново"</s>
  <s id="869">"Файл был добавлен в загрузки, пока он будет сохранен в"</s>
  <s id="870">Облако временно не поддерживает распаковку</s>
  <s id="871">"Неправильный пароль слишком много попыток, повторите попытку позже"</s>
  <s id="872">Сжатие внутри файла пакета тоже</s>
  <s id="873">"Архив поврежден,и не может быть распакован"</s>
  <s id="874">"Архив слишком большой, и не поддерживаеся извлечение в облака"</s>
  <s id="875">Временно не поддерживается этот тип архива</s>
  <s id="876">"Сжатый пакет для твердотельного сжатия, не поддерживает извлечение облака"</s>
  <s id="877">Поделиться не существует</s>
  <s id="878">Время истекло</s>
  <s id="879">Тест разрешений не пройден</s>
  <s id="880">"Нажмите, чтобы посмотреть"</s>
  <s id="881">Распаковать в Baidu Cloud</s>
  <s id="882">"Распакуйте файл, который уже существует в целевой папке"</s>
  <s id="883">Распаковка облака не поддерживается сжатый пакет на томе</s>
  <s id="884">Имя файла слишком длинное</s>
  <s id="885">Оригинальный тарбол не существует</s>
  <s id="886">Получаем файл ...</s>
  <s id="887">Ошибка получения файла</s>
  <s id="888">Повторить</s>
  <s id="889">Я знаю</s>
  <s id="890">Больше не подсказывать</s>
  <s id="891">"Закройте окно архива после того, как задача  продолжится в фоновом режиме для выполнения"</s>
  <s id="892">Файл или каталог не существует</s>
  <s id="893">"В настоящее время выполняются другие задачи. Пожалуйста, подождите, попробуйте еще раз"</s>
  <s id="894">Закрыть окно архива</s>
  <s id="895">Дисковый файл избыточного числа</s>

  <!-- HTTPS ошибки -->
  <s id="901">Ошибка подключения</s>
  <s id="902">Ошибка сети,пожалуйста установите правильное время и повторите попытку."</s>
  <s id="903">Принять</s>

  <!-- Управление общей учётной записью  -->
  <s id="910">Исключение учетной записи</s>
  <s id="911">Последнее устройство входа в ваш аккаунт слишком много. Как не человек операция, ремонт</s>
  <s id="912">"Смените пароль, когда вы сообщаете, пожалуйста, используйте корпоративный сетевой диск Baidu."</s>
  <s id="913">Бесплатное открытие корпоративного сетевого диска</s>
  <s id="914">Сменить пароль</s>

  <!-- Предпросмотр документа -->
  <s id="930">Открыть подсказку</s>
  <s id="931">WPS открывает документ, поддерживает просмотр и редактирование документов в нескольких форматах</s>
  <s id="932">Загрузка WPS</s>
  <s id="933">Открыть &amp; напрямую</s>

  <!--Сообщение об ошибке-->
  <s id="951">Запрос об исключении</s>
  <s id="952">"Ваша учетная под угрозой, Включен защитый режим; Пожалуйста, измените пароль."</s>
  <s id="953">Посмотреть детали</s>
  <s id="954">Журнал</s>
  <s id="955">Подсказки</s>
  <s id="956">"Ваша учетная запись под угрозой, подтвердите вашу личность"</s>
  <s id="957">Сразу проверить</s>

  <!--Диалог свойств файла-->
  <s id="1000">Свойства</s>
  <s id="1001">%d файлов</s>
  <s id="1002">%d папок</s>
  <s id="1003">Тип:</s>
  <s id="1004">Расположение:</s>
  <s id="1005">Размер:</s>
  <s id="1006">Содержит:</s>
  <s id="1007">Создан в:</s>
  <s id="1008">Анализ...</s>
  <s id="1009">Анализ не выполнен,неполадки сети</s>
  <s id="1010">%s файл</s>
  <s id="1011">Папка</s>
  <s id="1012">Есть папки</s>
  <s id="1013">%s файлы</s>
  <s id="1014">Несколько типов</s>
  <s id="1015">Все в %s</s>
  <s id="1016">Разные папки</s>
  <s id="1017">Разные папки</s>
  <s id="1018">Неизвестный тип</s>
  <s id="1019">"%4.4dг % 2.2dм %2.2dд,%2.2d:%2.2d"</s>
  <s id="1020">Подсчет файлов ...</s>
  <s id="1021">Ошибка подсчета файлов, ошибка сети</s>
  <s id="1022">Мой Baidu Cloud</s>
  <s id="1023">Данные моего приложения</s>
  <s id="1024">Сейф</s>
  <s id="1025">Анализ не выполнен, сервер занят</s>
  <s id="1026">Ошибка подсчета файлов, сервер занят</s>

  <!--Диалог окно истории версии файла-->
  <s id="1100">Открыть ...</s>
  <s id="1101">VIP привилегии сохранить документ в версии %d</s>
  <s id="1102">С VIP привилегии вы можете сохранят %d предыдущии версий документов</s>

  <s id="1150">Уважаемые участники, вы можете пользоваться %d предыдущими версиями сохраненных документов.</s>
  <s id="1151">Файл был изменён, сохранить на диске?</s>
  <s id="1152">Рекомендуется открыть "Предыдущие версии" документа</s>
  <s id="1153">Функция</s>
  <s id="1154">Не напоминать</s>
  <s id="1155">Открыть журнал</s>
  <s id="1156">Перезаписать</s>
  <s id="1157">Сохранить документ на диск</s>
  <s id="1158">Журнал версии документа</s>
  <s id="1159">Включить предыдущие версии в настройках</s>

  <!--Диалог очистки мусора-->
  <s id="1200">Очиститка ненужных файлов</s>
  <s id="1202">Сканирование дубликатов файлов</s>
  <s id="1203">Сканирование на нежелательное видео</s>
  <s id="1204">Сканирование пустых папок</s>
  <s id="1205">"Разнообразные методы проверки, простая очистка дубликатов файлов"</s>
  <s id="1206">"Очистите видео от мусора, освободите место для хранения"</s>
  <s id="1207">"Очистите пустые папки, файлы будьте более аккуратными и упорядоченным"</s>
  <s id="1208">Найдено для очистки:%s Дублированных файлов%s мусор видео</s>
  <s id="1209">"Загружены файлы диска, попробуйте позже!"</s>
  <s id="1210">"Сегодняшний лимит закончился,возвращайтесь завтра и попробуйте снова"</s>
  <s id="1211">Очистить</s>
  <s id="1212">Быстрая очистка%s ~</s>
  <s id="1213">Посмотреть все</s>
  <s id="1214">"Количество сканирований слишком велико, зайдите завтра и попробуйте"</s>
  <s id="1215"></s>
  <s id="1216">"Пожалуйста, откройте супер филиал"</s>
  <s id="1217">"Операция слишком частая, повторите попытку позже."</s>
  <s id="1218">"Сервер дезертирства, попробуйте позже"</s>
  <s id="1219">"В настоящее время выполняются другие задачи, повторите попытку позже."</s>
  <s id="1223">Отменить сканирование</s>
  <s id="1224">Повторное сканирование</s>
  <s id="1225">Сканирование в целом</s>
  <s id="1226">Выбрать другой каталог сканирования</s>
  <s id="1227">Попробуйте другой чистый способ</s>
  <s id="1228">"Вы хотите закончить, прежде чем отменить сканирование правильно?"</s>
  <s id="1229">Продолжить сканирование</s>
  <s id="1230">Сканирует указанный каталог</s>
  <s id="1231">Не найдено %s </s>
  <s id="1232">Сканирование не удается</s>

  <s id="1240">Быстрая очистка</s>
  <s id="1241">Отмена была выбрана</s>
  <s id="1242">Разумный выбор</s>
  <s id="1243">%I64d один</s>
  <s id="1244">Выбрали %u</s>
  <s id="1245">Все файлы</s>
  <s id="1246">Изображения</s>
  <s id="1247">Документы</s>
  <s id="1248">Видео</s>
  <s id="1249">Музыка</s>
  <s id="1250">Торррент</s>
  <s id="1251">заявка</s>
  <s id="1252">Прочее</s>
  <s id="1253">Имя файла</s>
  <s id="1254">Размер</s>
  <s id="1255">Каталог, в котором</s>
  <s id="1256">Дата изменения</s>
  <s id="1257">Занято %s</s>
  <s id="1258">Дубликаты файлов</s>
  <s id="1259">Фигня видео</s>
  <s id="1260">Пустые папки</s>
  <s id="1261">Очистка завершена</s>
  <s id="1262">"Это как только вы освободите пространство%s, очистите%s%s"</s>
  <s id="1263">"Всего для вас, чтобы очистить%s пустая папка"</s>
  <s id="1264">Воспроизвести в</s>
  <s id="1265">Жалоба</s>
  <s id="1266">"Откройте каталог, где"</s>
  <s id="1267">"Апелляции, поданные после такой проверки, соответствуют действительности для вашего пакета решений; только чтобы по ошибке запечатать видео, чтобы успешно подать апелляцию."</s>
  <s id="1268">Подать жалобу</s>
  <s id="1269">"Удаляем файлы, пожалуйста, подождите ..."</s>
  <s id="1270">Успешно удалено</s>
  <s id="1271">Удалить не удалось</s>
  <s id="1272">"Привышен лимит подачи жалобы -%u, уменьшите количество попыток."</s>
  <s id="1273">Подает жалобу ...</s>
  <s id="1274">Жалоба подана</s>
  <s id="1275">Ошибка подачи жалобы</s>
  <s id="1276">"Слишком много файлов, пожалуйста, обработайте текущий пакет загрузки"</s>
  <s id="1278">"Всего%u записей, текущая страница была загружена% u элемент"</s>
  <s id="1279">Загружен%u предмет</s>
  <s id="1280">Посмотреть список</s>
  <s id="1281">Просмотр миниатюр</s>
  <s id="1282">По имени файла</s>
  <s id="1283">"По каталогу, где"</s>
  <s id="1284">По дате изменения</s>
  <s id="1285">Держите имя относительно коротким</s>
  <s id="1286">Зарезервированные имена дольше</s>
  <s id="1287">Держите каталог коротким</s>
  <s id="1288">Сохранить каталог дольше</s>
  <s id="1289">Держите дату относительно новой</s>
  <s id="1290">Срок хранения старше</s>
  <s id="1291">Идет загрузка, пожалуйста, подождите ...</s>
  <s id="1292">"Не удалось загрузить, пожалуйста"</s>
  <s id="1293">"Вы выбирали группу файлов, все они будут удалены!"</s>
  <s id="1294">Слишком много файлов при пакетной обработке</s>
  <s id="1295">Обработка следующей партии</s>
  <s id="1296">"Слишком много файлов, смотрите пакетную обработку"</s>
  <s id="1297">Готова</s>
  <s id="1298">"Поздравляем, вы открыли супер филиал"</s>
  <s id="1299">"Супер партнерское открытие не удалось, пожалуйста"</s>
  <s id="1300">"Супер партнерское обновление не удалось, пожалуйста"</s>
  <s id="1301">Повторная покупка</s>
  <s id="1302">Подтвердите удаление выбранного%u пустого файла?\n</s>
  <s id="1303">Нет повторения файла%s ~</s>
  <s id="1304">Ошибка удаления файла%u</s>
  <s id="1305">"Пожалуйста, выберите файл для удаления"</s>

  <s id="1306">Загружено успешно</s>
  <s id="1307">"Ценится супер партнер, хотите ли вы удалить все%s? \n"</s>
  <s id="1308">Удалиться через 30 дней после перемещения в корзину</s>
  <s id="1309">%u</s>
  <s id="1310">Ключ очистки</s>
  <s id="1311">"Выберно %u, останется после удаления\n%s."</s>
  <s id="1312">"В настоящее время выполняются другие задачи, повторите попытку позже."</s>
  <s id="1313">"Пожалуйста, попробуйте еще раз"</s>
  <s id="1314">Выберите элементы для удаления</s>

  <!--Видеопроигрыватель-->
  <s id="1383">Неполадки с сетью, пожалуйста, проверьте сеть и попробуйте снова(%d)</s>
  <s id="1384">Не напоминать</s>
  <s id="1385">От первого к последнему</s>
  <s id="1386">Плейлист пуст</s>
  <s id="1387">Предыдущий</s>
  <s id="1388">следующий</s>
  <s id="1389">Уже первый</s>
  <s id="1390">Уже последний</s>
  <s id="1391">OK</s>
  <s id="1392">Отмена</s>
  <s id="1393">Внимание</s>
  <s id="1394">"Очистить всю историю? \nУдалите только записи, но не файлы при очистке"</s>
  <s id="1395">Очистить запись</s>
  <s id="1396">От нового к старому</s>
  <s id="1397">Список по умолчанию</s>
  <s id="1398">История</s>

  <s id="1399">Продолжить воспроизведение</s>
  <s id="1400">Baidu Web Disk</s>
  <s id="1401">"Супер члены ускоряют воспроизведение, не нужно ждать >>"</s>
  <s id="1402">беглый</s>
  <s id="1403">Оригинальная картина</s>
  <s id="1404">узнать больше</s>
  <s id="1405">Повтор</s>
  <s id="1406">"Сеть работает слишком медленно, переключите качество видео"</s>
  <s id="1407">"Сеть слишком медленная, пожалуйста, подождите немного ..."</s>
  <s id="1408">"Отключение сети, пожалуйста, проверьте сеть и попробуйте снова ..."</s>
  <s id="1409">Успешно добавлено в список загрузки</s>
  <s id="1410">Добавлено в список загрузки</s>
  <s id="1411">Субтитры</s>
  <s id="1412">Ориентирован на последнее просмотренное местоположение.</s>
  <s id="1413">Воспроизвести с начала</s>
  <s id="1414">Переключатель</s>
  <s id="1415">Выберите путь сохранения сетевого диска</s>
  <s id="1416">00:00:00 / 00:00:00</s>
  <s id="1417">00:00:00</s>
  <s id="1418">0%</s>
  <s id="1419">Воспроизведение видео</s>
  <s id="1420">При наличии VIP привилегий, доступен просмотр в высоком качестве</s>
  <s id="1421">Открой сейчас</s>
  <s id="1422">Загрузка видео ...</s>
  <s id="1423">Перемотка вперед:</s>
  <s id="1424">Быстрая отдача::</s>
  <s id="1425">Объем:%d%%</s>
  <s id="1426">"Не удалось загрузить видео, повторите попытку"</s>
  <s id="1427">Повтор</s>
  <s id="1428">"Загрузка, пожалуйста подождите ..."</s>
  <s id="1429">"Отключение сети, проверьте сеть и попробуйте снова"</s>
  <s id="1430">"Неизвестная ошибка, не удалось воспроизвести видео (%d)"</s>
  <s id="1431">"Не удалось загрузить видео, повторите попытку"</s>
  <s id="1432">"Извините, этот формат не поддерживается в настоящее время"</s>
  <s id="1433">Текущие субтитры</s>
  <s id="1434">Настройка прогреасса</s>
  <s id="1435">Размер субтитров</s>
  <s id="1436">Небольшой</s>
  <s id="1437">Стандарт</s>
  <s id="1438">Большой</s>
  <s id="1439">Маленький</s>
  <s id="1440">%.1f секунд</s>
  <s id="1441">Без субтитров</s>
  <s id="1442">Получение субтитров</s>
  <s id="1443"></s>
  <s id="1444">Не удалось получить субтитры</s>
  <s id="1445">Установка субтитров</s>
  <s id="1446">Субтитры установлены успешно</s>
  <s id="1447">Не удалось установить подпись</s>
  <s id="1448">Нет подходящих субтитров</s>
  <s id="1449">Ускорить субтитры</s>
  <s id="1450">Замедлить субтитры</s>
  <s id="1451">"Не удалось расшифровать, попробуйте позже"</s>
  <s id="1452">"Информация для входа истекла, попробуйте снова после входа в систему"</s>
  <s id="1453">"Сервер занят, пожалуйста, попробуйте позже"</s>
  <s id="1454">"Видео конвертируется, попробуйте позже"</s>
  <s id="1455">Это видео еще не поддерживается</s>
  <s id="1456">"Не удалось перекодировать видео, попробуйте еще раз"</s>
  <s id="1457">Скорость</s>
  <s id="1458">0.75x</s>
  <s id="1459">1x</s>
  <s id="1460">1.25x </s>
  <s id="1461">1.5x </s>
  <s id="1462">2.0x</s>
  <s id="1463">Получите VIP доступ,и наслаждайтесь скоротным просмотром</s>
  <s id="1464">Получить сейчас</s>
  <s id="1465">Вы можете попробовать это бесплатно</s>
  <s id="1466">%d раз</s>
  <s id="1467">Воспроизведение с двойной скоростью</s>
  <s id="1468">Переключение скорости воспроизведения бесплатно ...</s>
  <s id="1469">Получить бесплатно</s>
  <s id="1470">Скорость воспроизведения</s>
  <s id="1471">Включится бесплатно во время воспроизведения</s>
  <s id="1472">Cкорость</s>
  <s id="1473">"Не удалось включить двойной переключатель скорости, попробуйте еще раз"</s>
  <s id="1474">Откройте VIP доступ и наслаждайтесь воспроизведением видео</s>
  <s id="1475">Вы можете попробовать %d раз.</s>
  <s id="1476">Открыть VIP доступ</s>
  <s id="1477">Скорость воспроизведения</s>
  <s id="1478">Бесплатное воспроизведение с двойной скоростью</s>
  <s id="1479">Обновите VIP доступ и наслаждайтесь воспроизведением видео</s>
  <s id="1480">Обновите Super VIP доступ</s>
  <s id="1481">Обновить сейчас</s>
  <s id="1482">Переключение двухскоростного воспроизведения ...</s>
  <s id="1483">Всё для вас</s>
  <s id="1484">Включится во время воспроизведения</s>
  <s id="1485">Это видео не может быть воспроизведено</s>
  <s id="1486">Это видео не существует и не может быть воспроизведено</s>
  <s id="1487">Обновитесь до VIP и наслаждайтесь воспроизведением с двойной скоростью</s>
  <s id="1488">Видео зависает?</s>
  <s id="1489">Укажите мне обратную связь</s>
  <s id="1490">"Отзыв отправлен, и мы будем работать над оптимизацией сервиса"</s>
  <s id="1491">"Не удалось воспроизвести это видео, повторите попытку позже."</s>
  <s id="1492">"Это видео слишком длинное, посмотрите его после загрузки"</s>
  <s id="1493">"Не видео файлы, не могут быть воспроизведены"</s>
  <s id="1494">"Возникла проблема с видео, и оно временно недоступно"</s>
  <s id="1495">"Проблема с перекодировкой, пожалуйста скачайте файл для просмотра"</s>
  <s id="1496">"Видео не может быть проанализировано, пожалуйста скачайте файл для просмотра"</s>
  <s id="1497">Эта учетная запись имеет нарушения и не может быть воспроизведена временно</s>
  <s id="1498">"Это видео не удалось перекодировать, повторите попытку позже"</s>
  <s id="1499">Воспроизвести предыдущий</s>

  <!--Вверхняя панель MainMenu-->
  <s id="1500">Мое Облако</s>
  <s id="1501">Загрузки</s>
  <s id="1502">Поделиться</s>
  <s id="1503">Развернуть</s>
  <s id="1504">Сокращение</s>
  <s id="1505">VIP-пользователь</s>
  <s id="1506">Уведомление</s>
  <s id="1507">Настройки</s>
  <s id="1508">Изменить аватар</s>
  <s id="1509">Откройте Супер VIP сейчас</s>
  <s id="1510">Обновитьsuper Member</s>
  <s id="1511">Обновить Супер VIP</s>
  <s id="1512">Персональный центр</s>
  <s id="1513">Центр помощи</s>
  <s id="1514">Изменить аккаунт</s>
  <s id="1515">Выход</s>
  <s id="1516">Получить</s>
  <s id="1517">Супер VIP 15</s>
  <s id="1518">Обновить Супер VIP</s>
  <s id="1519">Истечение срока</s>
  <s id="1520">Супер VIP</s>
  <s id="1521">VIP</s>
  <s id="1522">Емкость на 5T</s>
  <s id="1523">Быстрая загрузка</s>
  <s id="1524">Неограниченное количество загрузок</s>
  <s id="1525">Загрузка больших файлов</s>
  <s id="1526">Узнать большее</s>
  <s id="1527">Временый VIP истекает,</s>
  <s id="1528">Посмотреть</s>
  <s id="1529">Библиотека</s>
  <s id="1530">Ещё</s>
  <s id="1531">Подарки</s>
  <!--Основная панель-->
  <s id="1600">Добро пожаловать на веб-диск Baidu</s>

  <!--Боковая панель-->
  <s id="1700">Обмен</s>
  <s id="1701">Ещё</s>
  <s id="1702">Ещё 2Т</s>
  <s id="1703">Ещё 5Т</s>
  <s id="1704">"У участников, больше возможностей"</s>
  <s id="1705">Купить пакет мощности</s>
  <s id="1706">Активированные участники получат больше возможностей + 10 привилегий</s>
  <s id="1707">Став Супер участником вы получите суперспособности + 15 привилегий</s>
  <s id="1708">Купите пакет вместимости и наслаждайтесь большей вместимостью</s>
  <s id="1709">Став Супер участником вы получите суперспособности + 15 привилегий</s>
  <s id="1710">"Емкость будет полной,"</s>
  <s id="1711">"Емкость полная,"</s>

  <!--Панель списка передач-->
  <s id="1800">Загрузка</s>
  <s id="1801">Выгрузка</s>
  <s id="1802">Завершённые</s>
  <s id="1803">Задание</s>
  <s id="1804">(999+)</s>
  <s id="1805">(%d)</s>

  <s id="1900">Резервное копирование устройства</s>
  <s id="1901">Общее количество</s>
  <s id="1902">Фото</s>
  <s id="1903">Видео</s>
  <s id="1904">Не поддерживается в Baidu Cloud</s>
  <s id="1905">Резервное копирование в один клик</s>
  <s id="1906">Выберите фотографии для резервного копирования</s>
  <s id="1907">Выбрать все</s>
  <s id="1908">Снять все</s>
  <s id="1909">Неисправность</s>
  <s id="1910">Фото</s>

  <!--Моя общая панель-->
  <s id="2000">Поделиться файлами</s>
  <s id="2001">Врeмя создания</s>
  <s id="2002">Время действия</s>
  <s id="2003">Копировать ссылку</s>
  <s id="2004">Отменить обмен</s>
  <s id="2005">Скопировать информацию о ссылке</s>
  <s id="2006">Отменить обмен ссылками</s>
  <s id="2007">Копировать</s>
  <s id="2008">Просмотры</s>
  <s id="2009">Время сохранения</s>
  <s id="2010">Время загрузки</s>
  <s id="2011">%d раз</s>
  <s id="2012">9999+</s>
  <s id="2013">Пароль:</s>
  <s id="2014">Не отменять обмен</s>
  <s id="2015">Отменить успешный обмен внешними ссылками</s>
  <s id="2016">Отмена обмена не удалась, попробуйте позже"</s>
  <s id="2017">Файл не будет доступен для обмена. Вы уверены, что хотите прекратить обмен?</s>
  <s id="2018">Ссылка успешно скопирована</s>
  <s id="2019">Ошибка копирования ссылки</s>
  <s id="2020">Не удалось получить список акций</s>
  <s id="2021">Черт! Грубый вопрос!</s>
  <s id="2022">Делитесь файлами с друзьями</s>
  <s id="2023">Попробуйте еще раз</s>
  <s id="2024">%d выбранных файлов/папок</s>
  <s id="2025">%d элементов</s>

  <!--Предварительный просмотр рисунка -->
  <s id="2100">Назад</s>
  <s id="2101">Вперед</s>
  <s id="2102">Увеличить</s>
  <s id="2103">Повернуть картинку</s>
  <s id="2104">Поделиться</s>
  <s id="2105">Скачать</s>
  <s id="2106">Удалить</s>
  <s id="2107">Детали</s>
  <s id="2108">%d|%d Фото</s>
  <s id="2109">Фото детали</s>
  <s id="2110">Тип</s>
  <s id="2111">Расположение</s>
  <s id="2112">Размер</s>
  <s id="2113">Дата</s>
  <s id="2114">Предварительный просмотр изображения</s>
  <s id="2115">%dгод %02dмесяц%02dдень %02d:%02d</s>
  <s id="2116">%s файл</s>
  <s id="2117">Друзья делятся</s>
  <s id="2118">Не удалось удалить</s>
  <s id="2119">Добавлено в список загрузки</s>
  <s id="2120">Источник</s>
  <s id="2121">Просмотр миниатюр</s>
  <s id="2122">Начальный файл</s>
  <s id="2123">Последний файл</s>
  <s id="2124">Назад</s>
  <s id="2125">Вперед</s>
  <s id="2126">Начальная страница</s>
  <s id="2127">Последняя страница</s>
  <!--Панель инструментов-->
  <s id="2150">Загрузить</s>
  <s id="2151">Скачать</s>
  <s id="2152">Поделиться</s>
  <s id="2153">Удалить</s>
  <s id="2154">Новая папка</s>
  <s id="2155">Скачать оффлайн</s>
  <s id="2156">Новая автономная загрузка</s>
  <s id="2157">Загрузка торрента</s>
  <s id="2158">Список загрузок</s>
  <s id="2159">Еще</s>
  <s id="2160">Переместить в</s>
  <s id="2161">Нажмите на устройство</s>
  <s id="2162">Предыдущие версии</s>
  <s id="2163">Добавить в</s>
  <s id="2164">Переместить в файл сетевого диска</s>
  <s id="2165">Загрузить локальный файл</s>
  <s id="2166">Выйти из скрытого пространства</s>
  <s id="2167">Блокировка сейчас</s>
  <s id="2168">Переместить в Сейф</s>
  <s id="2169">Имя файла</s>
  <s id="2170">Размер</s>
  <s id="2171">Изменить время</s>
  <s id="2172">По возрастанию</s>
  <s id="2173">По убыванию</s>
  <s id="2174">Переключиться в режим списка</s>
  <s id="2175">Переключиться в режим миниатюр</s>
  <s id="2176">Сортировать</s>
  <s id="2177">Сейф</s>
  <s id="2178">осталось%s/%s</s>
  <s id="2179">%s/%s  использовано</s>
  <s id="2180">%d%% емкость превышена</s>
  <s id="2181">Преобразовать PDF в Word</s>
  <s id="2182">Вы можете преобразовать ограниченное количество файлов</s>
  <s id="2183">Можно преобразовать первые пять файлов, продолжить?</s>
  <s id="2184">Отмена</s>
  <s id="2185">Продолжить</s>
  <s id="2186">Мобильный телефон</s>

  <!--Адресная строка-->
  <s id="2200">Мой веб-диск </s>
  <s id="2201">Сейф</s>
  <s id="2202">Результаты поиска </s>
  <s id="2203">Поиск файлов в Baidu Net Disk</s>
  <s id="2204">Поиск файлов в Cейфе</s>
  <s id="2205">Поиск </s>
  <s id="2206">/Изображения</s>
  <s id="2207">/Видео</s>
  <s id="2208">/Музыка</s>
  <s id="2209">/Документы</s>
  <s id="2210">/Приложения</s>
  <s id="2211">/Другое</s>
  <s id="2212">/Торрент</s>
  <s id="2213">Обновить</s>

  <!--Сейф-->
  <s id="2250">"Включите Сейф и сохраните ваши файлы в безопасности"</s>
  <s id="2251">Включить Сейф</s>
  <s id="2252">Включите Сейф всего за 2 шага:</s>
  <s id="2253">1) Используйте учетную запись сотрудничества на странице Конец привязанного почтового ящика / номера мобильного телефона</s>
  <s id="2254">2) Привязка адреса электронной почты / номера телефона для входа на сетевой диск</s>
  <s id="2255">Связывать</s>
  <s id="2256">Что за Сейф?</s>
  <s id="2257">Сейф был заблокирован</s>
  <s id="2258">Ошибка пароля</s>
  <s id="2259">"Сейф заблокирован, рекомендуем восстановить пароль"</s>
  <s id="2260">"Пароль неверный, есть %d возможностей ввода"</s>
  <s id="2261">"Пожалуйста, введите пароль"</s>
  <s id="2262">"Пожалуйста, введите проверочный код"</s>
  <s id="2263">Ошибка с проверкой</s>
  <s id="2264">"Проверка не пройдена, попробуйте позже"</s>
  <s id="2265">Сетевые неполадки</s>
  <s id="2266">В сейф</s>
  <s id="2267">Введите пароль от сейфа</s>
  <s id="2268">Забыли пароль?</s>
  <s id="2269">Введите код подтверждения</s>
  <s id="2270">Обновить</s>
  <s id="2271">Выберите смещение из позиции</s>
  <s id="2272">Совет: чтобы Сейф в файле не поддерживал общий доступ к друзьям</s>
  <s id="2273">Сетевые неполадки</s>
  <s id="2274">В Сейфе ваши  файлы в безопасности</s>

  <!--Файл-->
  <s id="2300">Загрузить в</s>
  <s id="2301">Скопируйте %u файл в</s>
  <s id="2302">Переместить файл %u в</s>
  <s id="2303">Имя файла</s>
  <s id="2304">Размер</s>
  <s id="2305">Время модификации</s>
  <s id="2306">Создать акцию</s>
  <s id="2307">Пока здесь пусто</s>
  <s id="2308">Нет поиска по связанному файлу</s>
  <s id="2309">Ваши файлы тут в безопасности</s>
  <s id="2310">Загрузить файлы</s>
  <s id="2311">Загрузка, пожалуйста подождите...</s>
  <s id="2312">К сожалению! Что то пошло не так!</s>
  <s id="2313">Повторить попытку</s>
  <s id="2314">Файл не существует</s>
  <s id="2315">Операция слишком частая повторите попытку позже</s>
  <s id="2316">Открыть</s>
  <s id="2317">Редактировать</s>
  <s id="2318">Открыть в</s>
  <s id="2319">Выберите программу ...</s>
  <s id="2320">Воспроизвести онлайн</s>
  <s id="2321">Скачать</s>
  <s id="2322">Нажмите на устройство</s>
  <s id="2323">Загрузить</s>
  <s id="2324">Обновить</s>
  <s id="2325">Удалить</s>
  <s id="2326">Копировать</s>
  <s id="2327">Переместить в</s>
  <s id="2328">Переместить в Сейф</s>
  <s id="2329">Переместить из Сейфа</s>
  <s id="2330">Вырезать</s>
  <s id="2331">Вставить</s>
  <s id="2332">Переименовать</s>
  <s id="2333">Поделиться</s>
  <s id="2334">История документа</s>
  <s id="2335">Новая папка</s>
  <s id="2336">Открыть папку</s>
  <s id="2337">Свойства</s>
  <s id="2338">Значки</s>
  <s id="2339">Список</s>
  <s id="2340">Вид</s>
  <s id="2341">Купить VIP</s>
  <s id="2342">Сортировать</s>
  <s id="2343">Не поддерживаемый формат имени файла</s>
  <s id="2344">Название папки не может быть пустым</s>
  <s id="2345">Название файла не может быть пустым</s>
  <s id="2346">/Фото</s>
  <s id="2347">/Видео</s>
  <s id="2348">/Музыка</s>
  <s id="2349">/Документы</s>
  <s id="2350">/Приложения</s>
  <s id="2351">/Другое</s>
  <s id="2352">/Торрент</s>
  <s id="2353">Начало</s>
  <s id="2354">Пауза</s>
  <s id="2355">Повтор</s>
  <s id="2356">Все</s>
  <s id="2357">По возрастанию</s>
  <s id="2358">По убыванию</s>
  <s id="2359">Имя</s>
  <s id="2360">Отменить загрузку</s>
  <s id="2361">PDF конвертация в Word</s>
  <s id="2362">Мобильный телефон</s>

  <!--Последний вид-->
  <s id="2365">Очистить запись</s>
  <s id="2366">Удалить файл</s>
  <s id="2367">Недавние файлы</s>
  <s id="2368">Системная подсказка</s>
  <s id="2369">Очистить только записи, неудалять файл</s>
  <s id="2370">Не напоминать</s>
  <s id="2371">Подтвердите ясно</s>

  <!--Строка состояния-->
  <s id="2400">Ввод функции ярлыка управления</s>
  <s id="2401">Выбрано %d элементов</s>
  <s id="2402">%d элементов</s>
  <s id="2403">Сетевая ошибка</s>
  <s id="2404">Автоматически резервная копия папки</s>
  <s id="2405">Запирающий диск</s>
  <s id="2406">тахометр</s>
  <s id="2407">Программа вознаграждений пользователей</s>
  <s id="2408">Был добавлен в программу вознаграждений пользователей</s>
  <s id="2409">+%.1 час</s>
  <s id="2410">+99+ часов</s>
  <s id="2411">+0 часов</s>

  <!--Операции с файлами-->
  <s id="2500">"Вы уверены, что хотите удалить %s?"</s>
  <s id="2501">"Вы уверены, что хотите удалить этот% d файл или папку?"</s>
  <s id="2502">Может быть в корзине для восстановления удаленного файла</s>
  <s id="2503">Удаленные файлы не попадут в корзину</s>
  <s id="2504">Файл или папка уже существует, операция не выполнена</s>
  <s id="2505">Не удалось создать новую папку, повторите попытку позже"</s>
  <s id="2506">Не удалось подключиться к сети, невозможно загрузить файл</s>
  <s id="2507">Подсказки</s>
  <s id="2508">Путь загрузки без разрешений на запись, в режиме администратора для запуска сетевого диска Baidu</s>
  <s id="2509">Загружаются</s>
  <s id="2510">Сеть ненормальная, сбой операции</s>
  <s id="2511">Файл или папка не существует, сбой операции</s>
  <s id="2512">Не места, операция не выполнена</s>
  <s id="2513">Операция провалена</s>
  <s id="2514">"Операция, пожалуйста, подождите ..."</s>
  <s id="2515">Выберите смещение из позиции</s>
  <s id="2516">Отмена</s>
  <s id="2517">Переместить в Сейф</s>
  <s id="2518">Перемещаемый файл уже содержиться в каталоге!\r\nЗаменить?</s>
  <s id="2519">Переехал в</s>
  <s id="2520">Отмена</s>
  <s id="2521">Одна операция не должна превышать% d, повторите попытку пойже</s>
  <s id="2522">"Временно не поддерживает просмотр в Интернете, пожалуйста, загрузите для просмотра позже"</s>

  <!--Автоматическое обновление-->
  <s id="2600">Baidu сетевой диск для автоматического обновления</s>
  <s id="2601">Немедленно открыть</s>
  <s id="2602">В %s</s>

  <!--Загрузка подсказок-->
  <s id="2700">"Недостаточно место, после очистки попробуйте снова"</s>
  <s id="2701">Файл был удален</s>
  <s id="2702">Сетевая ошибка</s>
  <s id="2703">Обмен файлом был отменен</s>
  <s id="2704">Каталог загрузки не имеет разрешения на</s>
  <s id="2705">Локальный путь неверен</s>
  <s id="2706">Ошибка пароля доступа вне цепочки</s>

  <!--Код потверждения через SMS-->
  <s id="2800">Вход через SMS</s>
  <s id="2801">Введите номер телефона</s>
  <s id="2802">Введите код потверждения</s>
  <s id="2803">Отпр код</s>
  <s id="2804">%d секунд и повторной передачи</s>
  <s id="2805">Ошибка формата номера телефона</s>
  <s id="2806">"Слишком частые запросы на получение "кодa потверждения", повторите попытку позже"</s>
  <s id="2807">Ошибки ввода кода подтверждения</s>
  <s id="2808">"Пожалуйста, введите проверочный код"</s>
  <s id="2809">"Пожалуйста, введите номер телефона"</s>
  <s id="2810">"Проблема! Пожалуйста, попробуйте позже..."</s>
  <s id="2811">"Сетевая ошибка, для получения "кодa потверждения" "</s>
  <s id="2812">Очистить номер телефона</s>
  <s id="2813">Код потверждения не верен</s>
  <s id="2814">"Пожалуйста, введите код потверждения присанного через SMS"</s>
  <s id="2815">Введите номер телефона</s>
  <s id="2816">Прочитайте и примите</s>
  <s id="2817">Пользовательское соглашение Baidu</s>


  <!--Последнее использование-->
  <s id="2900">Имя файла</s>
  <s id="2901">Дата и время</s>
  <s id="2902">Размер</s>
  <s id="2903">Очистить запись</s>
  <s id="2904">Поделиться</s>
  <s id="2905">Скачать</s>
  <s id="2906">Удалить</s>
  <s id="2907">Файл</s>
  <s id="2908">Фотографий</s>
  <s id="2909">Видео</s>
  <s id="2910">%d изображений и %d видео</s>
  <s id="2911">-</s>
  <s id="2912">Посмотреть больше файлов></s>
  <s id="2913">Загруженный</s>
  <s id="2914">Резервнная копия</s>
  <s id="2915">Передавать на хранение</s>
  <s id="2916">Вид</s>
  <s id="2917">Компьютер</s>
  <s id="2918">iPhone</s>
  <s id="2919">Телефон</s>
  <s id="2920">Страница</s>
  <s id="2921">Просмотреть в каталоге</s>
  <s id="2922">Нет недавно использованного файла ~</s>
  <s id="2923">IPad</s>
  <s id="2924">WeChat небольшая программа</s>
  <s id="2925">Неудалось очистить записи</s>
  <s id="2926">Неудалось очистить файл записи</s>
  <s id="2927">Только</s>
  <s id="2928">Несколько минут назад</s>
  <s id="2929">Часов назад</s>
  <s id="2930">Вчера</s>
  <s id="2931">Воспроизвести в</s>
  <s id="2932">Картинки и видео</s>
  <s id="2933">Подробнее></s>
  <s id="2934">Нет записей</s>

  <!--Программа премирования пользователя-->
  <s id="3000">Программа вознаграждений пользователей</s>
  <s id="3001">Ошибка подключения к сети</s>
  <s id="3002">Повтор</s>
  <s id="3003">Отмена</s>
  <s id="3004">OK</s>
  <s id="3005">Выберите путь программы вознаграждений</s>
  <s id="3006">Просматривать</s>
  <s id="3007">Выход из напоминания о программе вознаграждений</s>
  <s id="3008">Я снова думаю</s>
  <s id="3009">Подтвердите выход</s>
  <s id="3010">"После того, как выход не сможет продолжить получать баллы программы вознаграждений, баллы можно обменять на любовь к нечетной \r\n Art VIP month Card"</s>
  <!--Заблокировать функциональное планирование-->
  <s id="3020">Анти - «подглядывание» \n может быть ключом к блокировке диска</s>
  <s id="3021">"Автоблокировка включена (%d min) \n-если вам нужно закрыть, нажмите"</s>
  <s id="3022">Устанавливать</s>
  <!--скрытое пространственное платное наведение-->
  <s id="3100">Немедленное открытие</s>
  <s id="3101">Отмена</s>

  <!-- pdf transword paid-->
  <s id="3200">Получить VIP привилегии</s>
  <s id="3201">Доступ к программе PDF Word</s>
  <s id="3202">Получить VIP привилегии 10 юанэй вмесяц</s>

  <!--Автоматическое резервное копирование-->
  <s id="3300">Автом. рез\n копирование папок теперь</s>

   <!--Выбор четкости видео-->
  <s id="3301">360P</s>
  <s id="3302">480P</s>
  <s id="3303">720P</s>
  <s id="3304">1080P</s>
  <s id="3305">2K</s>
  <s id="3306">Разрешение:</s>
  <s id="3307">Став VIP-участником, вы сможете разблокировать всю ясность этого фильма:</s>
  <s id="3308">%d：</s>
  <s id="3309">4K</s>
  <s id="3310">2K</s>
  <s id="3311">4K</s>
  <s id="3312">Переключается на вас</s>
  <s id="3313">Не удалось переключить разрешение, попробуйте еще раз</s>
  <s id="3314">Резко переключился</s>
  <s id="3315">Четкость ...</s>
  <s id="3316">360Р</s>
  <s id="3317">480Р</s>
  <s id="3318">720Р</s>
  <s id="3319">1080Р</s>
  <s id="3320">2K</s>
  <s id="3321">4K</s>
    
  <!--Подсказка по загрузке файлов-->
  <s id="3400">Сохранить в Baidu Net Disk</s>
  <s id="3401">Загрузка в папку (%s)</s>
  <s id="3402">Нет больше подсказок</s>
  <s id="3403">Понял</s>
  <s id="3404">Советы: только последняя версия файла с тем же именем будет храниться в облаке</s>

    <!--Выход из устройства-->
  <s id="3410">Это устройство было отключено</s>
  <s id="3411">Это устройство было отключено! Если вы не используете его самостоятельно, пожалуйста, своевременно измените пароль, чтобы избежать потери сохраненных данных.</s> 
  <s id="3412">определить</s>

      <!--Функция ускорения взаимопомощи-->
  <s id="3415">Ускорение загрузки</s>
  <s id="3416">[Ускорение загрузки] предназначен для установки полосы пропускания холостого хода на стороне компьютера в уникальный канал передачи, чтобы ускорить загрузку файлов и ввод их в канал передачи с использованием стороны компьютера. Ширина полосы загрузки будет продолжать оптимизировать качество канала передачи. Чем выше качество канала, тем более очевиден эффект ускорения.</s>
  <s id="3417">То, что вы получаете</s>
  <s id="3418">выкоторый обеспечил</s>
  <s id="3419">Файлы, загруженные через этот канал передачи, будут иметь эффект ускорения.</s>
  <s id="3420">Обеспечить пропускную способность холостого выгрузки для оптимизации качества загрузки каналов передачи.</s>
  <s id="3421">Я прочитал и согласен</s>
  <s id="3422">«Скачать Соглашение о функции ускорения»</s>
  <s id="3423">Включить режим ускорения</s>
  <s id="3424">Пожалуйста, прочитайте и отметьте пользовательское соглашение</s>
  <s id="3428">Чем выше качество канала передачи, тем более очевиден эффект ускорения.</s>
  <s id="3429">Интеллектуальное управление передачей не влияет на работу в Интернете.</s>
  <s id="3430">Особое примечание: из-за таких факторов, как сетевое окружение и атрибуты файлов, некоторые файлы не могут войти в этот канал передачи и получить ускорение.</s>
  <s id="3431">Включить ускорение загрузки</s>  

  <!--Функция сундук с сокровищами-->
  <s id="3435">Управление оборудованием</s>
  <s id="3436">Управление устройствами входа в систему для защиты безопасности учетной записи</s>
  
  <!--Пакетный обмен ссылками-->
  <s id="3437">Вы устанавливаете ограничение на количество посетителей, а количество посетителей на ссылку ограничено %d</s>
  <s id="3438">Количество созданных ссылок</s>
  <s id="3439">Можно ввести 1-10 А</s>
  <s id="3440">Необходимо заполнить хотя бы 1 ссылку</s>
  <s id="3441">Вы не указали количество ссылок</s>
  <s id="3442">Вы можете создать не более 10 ссылок</s>
  <s id="3443">Создание массовых ссылок, подождите</s>
  <s id="3444">C SVIP привилегиями, создавайте несколько ссылок одним щелчком мыши</s>
  <s id="3445">Создавайте массовые ссылки</s>

 
  <!--Функция предварительного просмотра документа-->
  <s id="3450">Посмотреть документ</s>
  <s id="3451">Этот тип файла не поддерживается, вы можете просмотреть его после загрузки</s>
  <s id="3452">Скачать </s>
  <s id="3453">Сбой в работе сети</s>
  <s id="3454">Повтор</s>



 <!--Сканирование кода для открытия файла диалога-->
  <s id="3500">Код сканирования мобильного телефона для просмотра</s>
  <s id="3501">Сканируй, проверяй на мобильном телефоне</s>
  <s id="3502">Откройте </s>
  <s id="3503">Размер файла：%s</s>
  <s id="3504">Сбой подключения к сети</s>
  <s id="3505">Ошибка подключения</s>
  <s id="3506">Нажмите повторить</s>
  <s id="3507">Загрузка...</s>
  <s id="3508">Baidu Net Disk APP </s>
  <s id="3509"> и отсканируйте QR код</s>
  <s id="3510">В настоящее время не поддерживает компьютер онлайн-превью，</s>
  <s id="3511">Пожалуйста, используйте свой мобильный телефон для сканирования или загрузки для просмотра</s>
  <s id="3512">((Пожалуйста, используйте 10.1.60 и выше)</s>
  
 <!--Автоматическое резервное копирование папок-->
  <s id="3520">Автоматическое резервное копирование папок</s>
  <s id="3522">Файлы в указанной папке на компьютере будут скопированы на сетевой диск.</s>
  <s id="3523">Новые файлы и измененные файлы будут автоматически скопированы</s>
  <s id="3524">Удалите файлы компьютера, файлы с сетевого диска не удаляются</s>
  <s id="3525">Неограниченное резервное копирование для членов / суперчленов, ежемесячный трафик загрузки 10G для не-членов</s>
  <s id="3526">Включите резервное копирование папки</s>
  <s id="3527">Локальные папки будут автоматически скопированы на сетевой диск.</s>
  <s id="3528">Количество папок, которые можно синхронизировать：%d个</s>
  <s id="3529">Размер файла, для которого можно создать резервную копию в этом месяце：%s</s>
  <s id="3531">Вы получаете неограниченные привилегии автоматического резервного копирования</s>
  
  <s id="3532">Трафик, использованный в этом месяце</s>
  <s id="3533">0G/10G</s>
  <s id="3534">Неограниченное резервное копирование членства></s>
  <s id="3535">Папка скопирована（%d/5）</s>
  <s id="3536">Посмотреть прогресс резервного копирования></s>
  <s id="3537">+Добавить резервную папку</s>
  <s id="3538">(Сохраните последние 100 версий документов)</s>
  <s id="3539">Уважаемый участник, вы можете пользоваться неограниченным автоматическим резервным копированием папок</s>
  <s id="3540">Уважаемый суперчлен, вы можете пользоваться неограниченным автоматическим резервным копированием папок</s>

  <s id="3541">Сетевой диск создаст резервную копию</s>
  <s id="3542">Папка выбранного компьютера</s>
  <s id="3543">Новые и измененные файлы</s>
  <s id="3544">Обновления будут загружаться автоматически</s>
  <s id="3545">Локальный файл удален</s>
  <s id="3546">Файлы Netdisk по-прежнему сохраняются</s>
  <s id="3547">Поддержка до 5 папок</s>
  <s id="3548">Удалить резервную папку</s>
  <s id="3549">После удаления невозможно автоматически создать резервную копию папки на сетевом диске. Во избежание потери файлов рекомендуется включить резервное копирование. Ранее резервные копии файлов по-прежнему сохраняются в облаке и не будут удалены.</s>
  <s id="3550">удалять</s>
  <s id="3551"> Скрытое пространство не поддерживается</s>
  <s id="3552">Активация членства></s>
  <s id="3553">Члены могут пользоваться привилегией версии истории документа</s>
  <s id="3554">Суперчлены могут пользоваться привилегией версии истории документа</s>
  <s id="3555">Сделайте резервную копию сейчас</s>

  <s id="3556">Выберите папку</s>
  <s id="3557">После успешной синхронизации вы можете“</s>
  <s id="3558">”Просмотреть файл в</s>
  <s id="3559">Изменить путь></s>
  <s id="3560">/ От: локальный компьютер</s>
  <s id="3561">Выберите папку для резервного копирования</s>

  <s id="3562">Откройте место хранения сетевого диска</s>
  <s id="3563">Изменить место хранения сетевого дискаУстанавливать</s>
  <s id="3564">Удалить резервную папку</s>
  <s id="3565">Сохраните последнее обновление%dВерсия документа, больше не нужно беспокоиться о покрытии документа</s>
  <s id="3566">Теперь вы можете пользоваться неограниченным количеством файлов резервных копий ~</s>
  <s id="3567">Новое обновление автоматического резервного копирования папок! 10 ГБ трафика резервного копирования в месяц, удобно просматривать часто используемые файлы на компьютере в любое время。</s>
  <s id="3568">Новое обновление автоматического резервного копирования папок! Неограниченное резервное копирование, удобно просматривать часто используемые файлы на компьютере в любое время</s>
  <s id="3569">Локальная папка, для которой вы создали резервную копию“%s”Он был удален, и его резервное копирование невозможно. Ранее резервные копии файлов все еще сохраняются в облаке.</s>
  <s id="3570">Локальная папка, для которой вы создали резервную копию“%s”Подождите%dПапки были удалены, резервное копирование невозможно. Ранее резервные копии файлов по-прежнему сохраняются в облаке.</s>

  <!--Автоматическое сохранение логина-->
  <s id="3650">Системная подсказка</s>
  <s id="3651">Вы уверены, что хотите отключить автоматический вход?</s>
  <s id="3652">Не нужно повторно вводить пароль, автоматический вход в аккаунт, удобно и быстро</s>
  <s id="3653">Определить</s>
  <s id="3654">Не сейчас</s>

  <!--Ограничения входа на устройство-->
  <s id="3700">Выход</s>
  <s id="3701">Устройство для входа превысило лимит</s>
  <s id="3702">После настройки основного устройства вы можете войти еще на одно устройство, увеличив до%dстанция</s>
  <s id="3703">Для обеспечения конфиденциальности и безопасности ваших данных вы можете входить в систему не более чем одновременно.%dОборудование</s>
  <s id="3704">Уважаемый супер-член, вы можете войти в систему не более чем одновременно%dПривилегии устройства</s>
  <s id="3705">Откройте последнюю версию</s>
  <s id="3706">Baidu Net Disk APP</s>
  <s id="3707">"Мои-Настройки-Управление устройством"действующий</s>
  <s id="3708">Вы также можете：</s>
  <s id="3709">Не разлочился после операции?</s>
  <s id="3710">Щелкните меня, чтобы обновить</s>
  <s id="3711">Выйдите из системы, на которой выполнен вход, на основном устройстве</s>
  <s id="3712">Выйти из некоторых устройств, на которых выполнен вход</s>
  <s id="3713">Просмотр устройства для входа</s>
  <s id="3714">Открыть доступ суперпользователя: %d устройств</s>
  <s id="3715">Супер-члены также могут пользоваться большим пространством、</s>
  <s id="3716">Такие привилегии, как быстрая загрузка и онлайн-распаковка</s>
  <s id="3717">Система обнаружила, что ваша учетная запись в настоящее время может представлять угрозу безопасности</s>
  <s id="3718">Проверять</s>
  <s id="3719">возвращение</s>
  <s id="3720">Для вас включена защита аккаунта</s>
  <s id="3721">Ваша учетная запись была разблокирована, пожалуйста, войдите снова, чтобы использовать</s>
  <s id="3722">На всех ваших связанных устройствах необходимо снова войти в систему</s>
  <s id="3723">Для обеспечения конфиденциальности и безопасности ваших данных, пожалуйста, регулируйте использование учетной записи Baidu Netdisk.</s>
  <s id="3724">Перейти к авторизации</s>
  <s id="3725">Апелляция принята.метр %I64d Полный обзор и обработка в течение нескольких часов</s>
  <s id="3726">Вы можете использовать следующие методы для входа на новое устройство：</s>
  <s id="3727">Baidu Netdisk</s>
  <s id="3728">Подсчитайте только количество устройств, которые одновременно входят в учетную запись на iOS, Android, iPad, Mac, Linux и Windows. После привязки основного устройства будет до 6 обычных пользователей и 10 суперпользователей.</s>
    
  <!--Быстрая передача файлов-->
  <s id="3750">Быстрый обмен</s>

</string>
